Developer Name,URL
Aparna Constructions and Estates Pvt. Ltd.,https://www.magicbricks.com/Aparna-Constructions-and-Estates-Pvt.-Ltd.-buid-4d423534343733
Janapriya Engineers Syndicate,https://www.magicbricks.com/Janapriya-Engineers-Syndicate-buid-4d423637333232
Sumadhura Infracon Pvt. Ltd.,https://www.magicbricks.com/Sumadhura-Infracon-Pvt.-Ltd.-buid-4d423536373432
Anuhar Homes Pvt. Ltd.,https://www.magicbricks.com/Anuhar-Homes-Pvt.-Ltd.-buid-4d423535343532
SMR Holdings,https://www.magicbricks.com/SMR-Holdings-buid-4d423531363034
Ramky Estates & Farms Limited,https://www.magicbricks.com/Ramky-Estates-&-Farms-Limited-buid-4d423730353139
My Home Constructions Pvt. Ltd.,https://www.magicbricks.com/My-Home-Constructions-Pvt.-Ltd.-buid-4d423530323531
Modi Builders,https://www.magicbricks.com/Modi-Builders-buid-4d423534353631
Risinia Builders,https://www.magicbricks.com/Risinia-Builders-buid-4d423831383839
Vertex Homes Pvt. Ltd.,https://www.magicbricks.com/Vertex-Homes-Pvt.-Ltd.-buid-4d423530343232
Rajapushpa Properties Pvt. Ltd.,https://www.magicbricks.com/Rajapushpa-Properties-Pvt.-Ltd.-buid-4d423530343637
Tripura Constructions,https://www.magicbricks.com/Tripura-Constructions-buid-4d423534393830
Vasavi Group,https://www.magicbricks.com/Vasavi-Group-buid-4d423637363338
Hallmark Builders,https://www.magicbricks.com/Hallmark-Builders-buid-4d423737313538
Praneeth Group,https://www.magicbricks.com/Praneeth-Group-buid-4d423533383830
Shanta Sriram Constructions Pvt. Ltd.,https://www.magicbricks.com/Shanta-Sriram-Constructions-Pvt.-Ltd.-buid-4d423534353235
Prajay Engineers Syndicate Ltd.,https://www.magicbricks.com/Prajay-Engineers-Syndicate-Ltd.-buid-4d423534373534
Auro Realty,https://www.magicbricks.com/Auro-Realty-buid-4d423733343936
Om Sree Builders & Developers LLP,https://www.magicbricks.com/Om-Sree-Builders-&-Developers-LLP-buid-4d423737343733
Prestige Group,https://www.magicbricks.com/Prestige-Group-buid-4d423531333336
