Developer Name,URL
Aparna Constructions and Estates Pvt. Ltd.,https://www.magicbricks.com/Aparna-Constructions-and-Estates-Pvt.-Ltd.-buid-4d423534343733
Janapriya Engineers Syndicate,https://www.magicbricks.com/Janapriya-Engineers-Syndicate-buid-4d423637333232
Sumadhura Infracon Pvt. Ltd.,https://www.magicbricks.com/Sumadhura-Infracon-Pvt.-Ltd.-buid-4d423536373432
Anuhar Homes Pvt. Ltd.,https://www.magicbricks.com/Anuhar-Homes-Pvt.-Ltd.-buid-4d423535343532
SMR Holdings,https://www.magicbricks.com/SMR-Holdings-buid-4d423531363034
Ramky Estates & Farms Limited,https://www.magicbricks.com/Ramky-Estates-&-Farms-Limited-buid-4d423730353139
My Home Constructions Pvt. Ltd.,https://www.magicbricks.com/My-Home-Constructions-Pvt.-Ltd.-buid-4d423530323531
Modi Builders,https://www.magicbricks.com/Modi-Builders-buid-4d423534353631
Risinia Builders,https://www.magicbricks.com/Risinia-Builders-buid-4d423831383839
Vertex Homes Pvt. Ltd.,https://www.magicbricks.com/Vertex-Homes-Pvt.-Ltd.-buid-4d423530343232
Rajapushpa Properties Pvt. Ltd.,https://www.magicbricks.com/Rajapushpa-Properties-Pvt.-Ltd.-buid-4d423530343637
Tripura Constructions,https://www.magicbricks.com/Tripura-Constructions-buid-4d423534393830
Vasavi Group,https://www.magicbricks.com/Vasavi-Group-buid-4d423637363338
Hallmark Builders,https://www.magicbricks.com/Hallmark-Builders-buid-4d423737313538
Praneeth Group,https://www.magicbricks.com/Praneeth-Group-buid-4d423533383830
Shanta Sriram Constructions Pvt. Ltd.,https://www.magicbricks.com/Shanta-Sriram-Constructions-Pvt.-Ltd.-buid-4d423534353235
Prajay Engineers Syndicate Ltd.,https://www.magicbricks.com/Prajay-Engineers-Syndicate-Ltd.-buid-4d423534373534
Auro Realty,https://www.magicbricks.com/Auro-Realty-buid-4d423733343936
Om Sree Builders & Developers LLP,https://www.magicbricks.com/Om-Sree-Builders-&-Developers-LLP-buid-4d423737343733
Prestige Group,https://www.magicbricks.com/Prestige-Group-buid-4d423531333336
Prestige Estates Projects Ltd.,https://www.magicbricks.com/Prestige-Estates-Projects-Ltd.-buid-4d423530323838
AP Rajivswagruha Corporation Ltd.,https://www.magicbricks.com/AP-Rajivswagruha-Corporation-Ltd.-buid-4d423631353536
GK Builders & Developers,https://www.magicbricks.com/GK-Builders-&-Developers-buid-4d423534343639
Muppa Projects India Pvt. Ltd.,https://www.magicbricks.com/Muppa-Projects-India-Pvt.-Ltd.-buid-4d423636343235
Koncept Ambience,https://www.magicbricks.com/Koncept-Ambience-buid-4d423530323136
EAPL Group,https://www.magicbricks.com/EAPL-Group-buid-4d423537333239
Concrete Constructions,https://www.magicbricks.com/Concrete-Constructions-buid-4d423539393638
Pragati Green Meadows and Resorts Ltd.,https://www.magicbricks.com/Pragati-Green-Meadows-and-Resorts-Ltd.-buid-4d423630353233
APR GROUP,https://www.magicbricks.com/APR-GROUP-buid-4d423631353831
ASBL Ashoka Builders India Pvt Ltd,https://www.magicbricks.com/ASBL-Ashoka-Builders-India-Pvt-Ltd-buid-4d423634303937
Alekhya Infraa Developers,https://www.magicbricks.com/Alekhya-Infraa-Developers-buid-4d423635363836
Giridhari Homes Pvt. Ltd.,https://www.magicbricks.com/Giridhari-Homes-Pvt.-Ltd.-buid-4d423636353232
Candeur Developers & Builders,https://www.magicbricks.com/Candeur-Developers-&-Builders-buid-4d423636373636
Bhavya Constructions,https://www.magicbricks.com/Bhavya-Constructions-buid-4d423637313734
Akshita Infra,https://www.magicbricks.com/Akshita-Infra-buid-4d423831373631
PVR Developers Pvt. Ltd.,https://www.magicbricks.com/PVR-Developers-Pvt.-Ltd.-buid-4d423832353839
Makuta Developers,https://www.magicbricks.com/Makuta-Developers-buid-4d423833353137
Urbanrise,https://www.magicbricks.com/Urbanrise-buid-4d423833323833
Modi Builders & Realtors Pvt Ltd,https://www.magicbricks.com/Modi-Builders-&-Realtors-Pvt-Ltd-buid-4d423835313831
RSR Greenway Infra Pvt Ltd,https://www.magicbricks.com/RSR-Greenway-Infra-Pvt-Ltd-buid-4d423532303532
Lodha,https://www.magicbricks.com/Lodha-buid-4d423534303136
Kalpataru Ltd.,https://www.magicbricks.com/Kalpataru-Ltd.-buid-4d423534313531
Jain Housing & Constructions Ltd.,https://www.magicbricks.com/Jain-Housing-&-Constructions-Ltd.-buid-4d423534373437
Indis,https://www.magicbricks.com/Indis-buid-4d423737333735
Incor Infrastructure Pvt. Ltd.,https://www.magicbricks.com/Incor-Infrastructure-Pvt.-Ltd.-buid-4d423534333431
Cybercity Builders and Developers Pvt. Ltd.,https://www.magicbricks.com/Cybercity-Builders-and-Developers-Pvt.-Ltd.-buid-4d423530313232
Giridhari Constructions,https://www.magicbricks.com/Giridhari-Constructions-buid-4d423530313631
Theme Ambience Constructions Pvt. Ltd.,https://www.magicbricks.com/Theme-Ambience-Constructions-Pvt.-Ltd.-buid-4d423530333935
Power Welfare Society,https://www.magicbricks.com/Power-Welfare-Society-buid-4d423533353230
Sri Sreenivasa Constructions,https://www.magicbricks.com/Sri-Sreenivasa-Constructions-buid-4d423533363238
Ramky Group,https://www.magicbricks.com/Ramky-Group-buid-4d423530333035
Modi Builders,https://www.magicbricks.com/Modi-Builders-buid-4d423533363630
Prime Group,https://www.magicbricks.com/Prime-Group-buid-4d423533353338
Jain Constructions,https://www.magicbricks.com/Jain-Constructions-buid-4d423730323937
Sunyuga Infra Pvt. Ltd.,https://www.magicbricks.com/Sunyuga-Infra-Pvt.-Ltd.-buid-4d423732313434
Greater Infra Projects,https://www.magicbricks.com/Greater-Infra-Projects-buid-4d423732353236
Sukhii Group,https://www.magicbricks.com/Sukhii-Group-buid-4d423833333137
IRA Realty,https://www.magicbricks.com/IRA-Realty-buid-4d423837323337
My Home Group,https://www.magicbricks.com/My-Home-Group-buid-4d423531323132
GHR Infra,https://www.magicbricks.com/GHR-Infra-buid-4d423530353439
My Home Constructions Pvt. Ltd.,https://www.magicbricks.com/My-Home-Constructions-Pvt.-Ltd.-buid-4d423630303136
Pavani Group,https://www.magicbricks.com/Pavani-Group-buid-4d423534383031
Lanco Hills Technology Park Pvt. Ltd.,https://www.magicbricks.com/Lanco-Hills-Technology-Park-Pvt.-Ltd.-buid-4d423537343338
Phoenix Group Holdings,https://www.magicbricks.com/Phoenix-Group-Holdings-buid-4d423539373739
AVL Constructions,https://www.magicbricks.com/AVL-Constructions-buid-4d423539393937
Sri Aditya Homes Pvt. Ltd.,https://www.magicbricks.com/Sri-Aditya-Homes-Pvt.-Ltd.-buid-4d423631363632
Aastha Avenues,https://www.magicbricks.com/Aastha-Avenues-buid-4d423632303933
Technopolis Construction Company Pvt. Ltd.,https://www.magicbricks.com/Technopolis-Construction-Company-Pvt.-Ltd.-buid-4d423535343333
Green City Estates,https://www.magicbricks.com/Green-City-Estates-buid-4d423535383532
BHASHYAM PROJECTS,https://www.magicbricks.com/BHASHYAM-PROJECTS-buid-4d423536343337
Madhu Infrastructure Pvt. Ltd.,https://www.magicbricks.com/Madhu-Infrastructure-Pvt.-Ltd.-buid-4d423537333636
Suchirindia Infratech Pvt Ltd.,https://www.magicbricks.com/Suchirindia-Infratech-Pvt-Ltd.-buid-4d423537323031
Nikhila Constructions and Developers,https://www.magicbricks.com/Nikhila-Constructions-and-Developers-buid-4d423537333934
ELV Projects Pvt Ltd,https://www.magicbricks.com/ELV-Projects-Pvt-Ltd-buid-4d423537373234
Rubrick Constructions Private Limited,https://www.magicbricks.com/Rubrick-Constructions-Private-Limited-buid-4d423630303135
Peram Group,https://www.magicbricks.com/Peram-Group-buid-4d423630313430
Meenakshi Group,https://www.magicbricks.com/Meenakshi-Group-buid-4d423630323536
Indigo Constructions,https://www.magicbricks.com/Indigo-Constructions-buid-4d423630333431
Vajra Housing Projects LLP,https://www.magicbricks.com/Vajra-Housing-Projects-LLP-buid-4d423631373637
Fortune Group Builders And Developers,https://www.magicbricks.com/Fortune-Group-Builders-And-Developers-buid-4d423632353937
Vazhraa Nirmaan,https://www.magicbricks.com/Vazhraa-Nirmaan-buid-4d423737323436
Sri Sai Ram Projects Ltd.,https://www.magicbricks.com/Sri-Sai-Ram-Projects-Ltd.-buid-4d423635313432
Trendset Builders,https://www.magicbricks.com/Trendset-Builders-buid-4d423635323436
Greenmark Developers,https://www.magicbricks.com/Greenmark-Developers-buid-4d423735313637
Aakriti Housing,https://www.magicbricks.com/Aakriti-Housing-buid-4d423737363531
EIPL Group,https://www.magicbricks.com/EIPL-Group-buid-4d423739343031
Niharika Projects,https://www.magicbricks.com/Niharika-Projects-buid-4d423633383532
LandIndia Developers Pvt. Ltd.,https://www.magicbricks.com/LandIndia-Developers-Pvt.-Ltd.-buid-4d423634353834
Raghuram Infrastructure (India) Pvt. Ltd.,https://www.magicbricks.com/Raghuram-Infrastructure-(India)-Pvt.-Ltd.-buid-4d423737333839
BBG India Developers LLP,https://www.magicbricks.com/BBG-India-Developers-LLP-buid-4d423632383539
Rathi Constructions,https://www.magicbricks.com/Rathi-Constructions-buid-4d423633353230
Sanvi Infra Projects Pvt. Ltd.,https://www.magicbricks.com/Sanvi-Infra-Projects-Pvt.-Ltd.-buid-4d423633353636
Subhagruha Projects India Pvt. Ltd.,https://www.magicbricks.com/Subhagruha-Projects-India-Pvt.-Ltd.-buid-4d423635353632
HSR Ventures Pvt. Ltd.,https://www.magicbricks.com/HSR-Ventures-Pvt.-Ltd.-buid-4d423636303130
Primark Projects Private Limited,https://www.magicbricks.com/Primark-Projects-Private-Limited-buid-4d423730323035
Primark Developers,https://www.magicbricks.com/Primark-Developers-buid-4d423638323734
Vinayaka Developers,https://www.magicbricks.com/Vinayaka-Developers-buid-4d423638363836
Sri Aditya Squares,https://www.magicbricks.com/Sri-Aditya-Squares-buid-4d423733323735
NR Infra,https://www.magicbricks.com/NR-Infra-buid-4d423736323732
Vijetha Group,https://www.magicbricks.com/Vijetha-Group-buid-4d423738333935
Aliens Group,https://www.magicbricks.com/Aliens-Group-buid-4d423530303732
RDB Hyd Infrastructure Pvt. Ltd.,https://www.magicbricks.com/RDB-Hyd-Infrastructure-Pvt.-Ltd.-buid-4d423831303133
Rudhra Constructions,https://www.magicbricks.com/Rudhra-Constructions-buid-4d423831303831
Manbhum Construction Co. Pvt. Ltd.,https://www.magicbricks.com/Manbhum-Construction-Co.-Pvt.-Ltd.-buid-4d423832303833
Ashoka Builders,https://www.magicbricks.com/Ashoka-Builders-buid-4d423530303836
BPR Infrastructure Ltd.,https://www.magicbricks.com/BPR-Infrastructure-Ltd.-buid-4d423530303935
ARK Builders,https://www.magicbricks.com/ARK-Builders-buid-4d423530303532
Radhey Constructions India Pvt Ltd,https://www.magicbricks.com/Radhey-Constructions-India-Pvt-Ltd-buid-4d423739373331
APR Projects,https://www.magicbricks.com/APR-Projects-buid-4d423739373339
Elemental Realty,https://www.magicbricks.com/Elemental-Realty-buid-4d423830333439
Riddhi Builders,https://www.magicbricks.com/Riddhi-Builders-buid-4d423834333735
Nikhilsai Krishna Infra LLP,https://www.magicbricks.com/Nikhilsai-Krishna-Infra-LLP-buid-4d423834353239
SAS Infra,https://www.magicbricks.com/SAS-Infra-buid-4d423834363531
Inspire Infra,https://www.magicbricks.com/Inspire-Infra-buid-4d423836383835
Orange Realty,https://www.magicbricks.com/Orange-Realty-buid-4d423836393933
GoldenKey Ventures Pvt Ltd,https://www.magicbricks.com/GoldenKey-Ventures-Pvt-Ltd-buid-4d423836393337
SRR Fortune Developers,https://www.magicbricks.com/SRR-Fortune-Developers-buid-4d423837373039
Raghava Projects,https://www.magicbricks.com/Raghava-Projects-buid-4d423838343935
Srias Life Spaces LLP,https://www.magicbricks.com/Srias-Life-Spaces-LLP-buid-4d423838313931
DSR Prime Spaces,https://www.magicbricks.com/DSR-Prime-Spaces-buid-4d423838323539
Brigade Enterprises Ltd.,https://www.magicbricks.com/Brigade-Enterprises-Ltd.-buid-4d423530313037
K Raheja Corp,https://www.magicbricks.com/K-Raheja-Corp-buid-4d423530313938
Indiabulls Real Estate Ltd.,https://www.magicbricks.com/Indiabulls-Real-Estate-Ltd.-buid-4d423530313835
Pacifica Companies,https://www.magicbricks.com/Pacifica-Companies-buid-4d423530323739
Keerthi Estates Pvt. Ltd.,https://www.magicbricks.com/Keerthi-Estates-Pvt.-Ltd.-buid-4d423530323039
Provident Housing Ltd.,https://www.magicbricks.com/Provident-Housing-Ltd.-buid-4d423530323931
Saket Group,https://www.magicbricks.com/Saket-Group-buid-4d423530333336
Headway Properties,https://www.magicbricks.com/Headway-Properties-buid-4d423530313734
Sri Jagathswapna Infra Projects,https://www.magicbricks.com/Sri-Jagathswapna-Infra-Projects-buid-4d423530313839
Jayadarsini Housing Pvt. Ltd.,https://www.magicbricks.com/Jayadarsini-Housing-Pvt.-Ltd.-buid-4d423530313934
Vasathi Housing Ltd.,https://www.magicbricks.com/Vasathi-Housing-Ltd.-buid-4d423530343135
Vision Avenues Pvt. Ltd.,https://www.magicbricks.com/Vision-Avenues-Pvt.-Ltd.-buid-4d423530343330
NSL Infratech Pvt. Ltd.,https://www.magicbricks.com/NSL-Infratech-Pvt.-Ltd.-buid-4d423530323536
Sree Vaishno Constructions,https://www.magicbricks.com/Sree-Vaishno-Constructions-buid-4d423530333733
Vaishnavi Estates Pvt. Ltd.,https://www.magicbricks.com/Vaishnavi-Estates-Pvt.-Ltd.-buid-4d423530343131
Suryas Maruthi Developers,https://www.magicbricks.com/Suryas-Maruthi-Developers-buid-4d423530323337
Maphar Constructions,https://www.magicbricks.com/Maphar-Constructions-buid-4d423530323433
Ravi Raama WHealth Infra,https://www.magicbricks.com/Ravi-Raama-WHealth-Infra-buid-4d423530353737
Aparna Constrcutions Estates Pvt Ltd,https://www.magicbricks.com/Aparna-Constrcutions--Estates-Pvt-Ltd-buid-4d423530353738
Sunshine Projects,https://www.magicbricks.com/Sunshine-Projects-buid-4d423530353830
SPR Prime Ventures LLP,https://www.magicbricks.com/SPR-Prime-Ventures-LLP-buid-4d423531313836
Archon Buildtech Private Limited,https://www.magicbricks.com/Archon-Buildtech-Private-Limited-buid-4d423531373638
Vertex Viva Private Limited,https://www.magicbricks.com/Vertex-Viva-Private-Limited-buid-4d423531383538
Western Constructions,https://www.magicbricks.com/Western-Constructions-buid-4d423531383939
Empire Delta Projects LLP,https://www.magicbricks.com/Empire-Delta-Projects-LLP-buid-4d423532313037
Om Vinayaka Developers,https://www.magicbricks.com/Om-Vinayaka-Developers-buid-4d423532313336
Team4 Life Spaces Elite LLP,https://www.magicbricks.com/Team4-Life-Spaces-Elite-LLP-buid-4d423530353833
Teja Homes Private Limited,https://www.magicbricks.com/Teja-Homes-Private-Limited-buid-4d423530383536
Abinandana Infra Reality LLP,https://www.magicbricks.com/Abinandana-Infra-Reality-LLP-buid-4d423530373630
Tamra Developers,https://www.magicbricks.com/Tamra-Developers-buid-4d423530383237
Yugandhar Real Stone,https://www.magicbricks.com/Yugandhar-Real-Stone-buid-4d423531393033
NJR Constructions Pvt Ltd,https://www.magicbricks.com/NJR-Constructions-Pvt-Ltd-buid-4d423531343036
Subishi Infra,https://www.magicbricks.com/Subishi-Infra-buid-4d423531343038
Sree Bhuvana Projects,https://www.magicbricks.com/Sree-Bhuvana-Projects-buid-4d423531373435
Divyasri Infra,https://www.magicbricks.com/Divyasri-Infra-buid-4d423530373638
SRR ESTATE LLP,https://www.magicbricks.com/SRR-ESTATE-LLP-buid-4d423531393930
Aavasa Constructions,https://www.magicbricks.com/Aavasa-Constructions-buid-4d423531303537
Sri Maatha Infra Developers,https://www.magicbricks.com/Sri-Maatha-Infra-Developers-buid-4d423530383735
Mantoor Infrastructure Private Limited,https://www.magicbricks.com/Mantoor-Infrastructure-Private-Limited-buid-4d423532303931
Credon Constructions,https://www.magicbricks.com/Credon-Constructions-buid-4d423530373231
Manjeera Construction,https://www.magicbricks.com/Manjeera-Construction-buid-4d423533383135
Vaibhav Infra,https://www.magicbricks.com/Vaibhav-Infra-buid-4d423533343436
GREENSPACE HOUSING & ENGINEERS PVT LTD,https://www.magicbricks.com/GREENSPACE-HOUSING-&-ENGINEERS-PVT-LTD-buid-4d423533343830
Hirize Developers,https://www.magicbricks.com/Hirize-Developers-buid-4d423533363631
AASHVI VIJETHA LLP,https://www.magicbricks.com/AASHVI-VIJETHA-LLP-buid-4d423534303032
Venkatadri Developers Pvt Ltd,https://www.magicbricks.com/Venkatadri-Developers-Pvt-Ltd-buid-4d423534303331
Siribala Developers,https://www.magicbricks.com/Siribala-Developers-buid-4d423532313435
Aparna Constructions,https://www.magicbricks.com/Aparna-Constructions-buid-4d423532353439
Golden Homes,https://www.magicbricks.com/Golden-Homes-buid-4d423532353532
Western Magic Developers,https://www.magicbricks.com/Western-Magic-Developers-buid-4d423532353739
Cybercity Builders and Developers Pvt. Ltd.,https://www.magicbricks.com/Cybercity-Builders-and-Developers-Pvt.-Ltd.-buid-4d423532353933
Thimu Avenues,https://www.magicbricks.com/Thimu-Avenues--buid-4d423532383634
Bhashyam Realtors,https://www.magicbricks.com/Bhashyam-Realtors-buid-4d423532323438
Realplus Homes LLP,https://www.magicbricks.com/Realplus-Homes-LLP-buid-4d423532383333
Bhanodaya Constructions Pvt Ltd,https://www.magicbricks.com/Bhanodaya-Constructions-Pvt-Ltd-buid-4d423532323636
Supadha Developers Private Limited,https://www.magicbricks.com/Supadha-Developers-Private-Limited-buid-4d423532323830
Jk Infra Projects,https://www.magicbricks.com/Jk-Infra-Projects-buid-4d423532363833
Raghuram Pradeep Constructions India LLP,https://www.magicbricks.com/Raghuram-Pradeep-Constructions-India-LLP-buid-4d423532393837
Honer Prime Housing LLP,https://www.magicbricks.com/Honer-Prime-Housing-LLP-buid-4d423532323539
New Land Constructions,https://www.magicbricks.com/New-Land-Constructions-buid-4d423532323633
NCC Urban Infrastructure Ltd,https://www.magicbricks.com/NCC-Urban-Infrastructure-Ltd-buid-4d423534393038
Empire Meadows Pvt. Ltd.,https://www.magicbricks.com/Empire-Meadows-Pvt.-Ltd.-buid-4d423534323338
Aditya Construction Company (P) Ltd.,https://www.magicbricks.com/Aditya-Construction-Company-(P)-Ltd.-buid-4d423534333530
BSCPL Infrastructure Ltd,https://www.magicbricks.com/BSCPL-Infrastructure-Ltd-buid-4d423534363433
Sumashaila Developers,https://www.magicbricks.com/Sumashaila-Developers-buid-4d423534323334
Cyber City Builders & Developers Pvt. Ltd.,https://www.magicbricks.com/Cyber-City-Builders-&-Developers-Pvt.-Ltd.-buid-4d423534353136
Pranava Avenues Pvt. Ltd.,https://www.magicbricks.com/Pranava-Avenues-Pvt.-Ltd.-buid-4d423534333433
Dwaraka Group,https://www.magicbricks.com/Dwaraka-Group-buid-4d423535303335
AV Constructions,https://www.magicbricks.com/AV-Constructions-buid-4d423534323239
TNR Constructions,https://www.magicbricks.com/TNR-Constructions-buid-4d423534323736
Gauthami Developers,https://www.magicbricks.com/Gauthami-Developers-buid-4d423534323933
Building Blocks Group,https://www.magicbricks.com/Building-Blocks-Group-buid-4d423534363031
Terminus NCC Urban and Optimity,https://www.magicbricks.com/Terminus-NCC--Urban-and-Optimity-buid-4d423534363134
Lakshmi Infra Projects LLP,https://www.magicbricks.com/Lakshmi-Infra-Projects-LLP-buid-4d423534363137
Shweta Developers,https://www.magicbricks.com/Shweta-Developers-buid-4d423534363236
Shree Vasavi Developers,https://www.magicbricks.com/Shree-Vasavi-Developers-buid-4d423534363634
Vikhyat Infra Developers,https://www.magicbricks.com/Vikhyat-Infra-Developers-buid-4d423534373733
Viksha Projects,https://www.magicbricks.com/Viksha-Projects-buid-4d423534373738
Emami Realty Ltd.,https://www.magicbricks.com/Emami-Realty-Ltd.-buid-4d423535323938
My Home Constructions Pvt. Ltd,https://www.magicbricks.com/My-Home-Constructions-Pvt.-Ltd-buid-4d423535323034
Sattva,https://www.magicbricks.com/Sattva-buid-4d423536393335
Saket Group,https://www.magicbricks.com/Saket-Group-buid-4d423535353736
MRKR Constructions and Industries Pvt. Ltd.,https://www.magicbricks.com/MRKR-Constructions-and-Industries-Pvt.-Ltd.-buid-4d423535373337
ARK Group,https://www.magicbricks.com/ARK-Group-buid-4d423537303132
Mahidhara Projects Pvt. Ltd.,https://www.magicbricks.com/Mahidhara-Projects-Pvt.-Ltd.-buid-4d423535333834
Hivision Developers,https://www.magicbricks.com/Hivision-Developers-buid-4d423535333931
Srija Builders & Developers,https://www.magicbricks.com/Srija-Builders-&-Developers-buid-4d423535343334
Green City Estates,https://www.magicbricks.com/Green-City-Estates-buid-4d423535373133
Venkata Praneeth Developers Pvt Ltd,https://www.magicbricks.com/Venkata-Praneeth-Developers-Pvt-Ltd-buid-4d423535373136
Daga,https://www.magicbricks.com/Daga-buid-4d423535373233
Landmark Builders,https://www.magicbricks.com/Landmark-Builders-buid-4d423535353835
S R Constructions,https://www.magicbricks.com/S-R-Constructions-buid-4d423535353839
Elegant Infratech Builders,https://www.magicbricks.com/Elegant-Infratech-Builders-buid-4d423536323137
Dharani Infra Developers Pvt. Ltd.,https://www.magicbricks.com/Dharani-Infra-Developers-Pvt.-Ltd.-buid-4d423536303030
Neemsboro Group,https://www.magicbricks.com/Neemsboro-Group-buid-4d423536313538
My Nest Developers,https://www.magicbricks.com/My-Nest-Developers-buid-4d423536383233
JB Galaxy Projects,https://www.magicbricks.com/JB-Galaxy-Projects-buid-4d423537313137
Yashoda Builders & Developers,https://www.magicbricks.com/Yashoda-Builders-&-Developers-buid-4d423536393837
Sai Construction,https://www.magicbricks.com/Sai-Construction-buid-4d423537323639
Maruthi Rudra Vijetha Projects,https://www.magicbricks.com/Maruthi-Rudra-Vijetha-Projects-buid-4d423537343030
Mantri Developers Pvt. Ltd.,https://www.magicbricks.com/Mantri-Developers-Pvt.-Ltd.-buid-4d423538373930
Mahaveer Group,https://www.magicbricks.com/Mahaveer-Group-buid-4d423537393733
L&T Realty Ltd.,https://www.magicbricks.com/L&T-Realty-Ltd.-buid-4d423538343534
KSN Infra,https://www.magicbricks.com/KSN-Infra-buid-4d423537343638
Trishala Infrastructure Ltd,https://www.magicbricks.com/Trishala-Infrastructure-Ltd-buid-4d423537343735
Nest Makers Builders and Developers,https://www.magicbricks.com/Nest-Makers-Builders-and-Developers-buid-4d423537383235
Sark Projects,https://www.magicbricks.com/Sark-Projects-buid-4d423537363835
AR ANMOL DEVELOPERS,https://www.magicbricks.com/AR-ANMOL-DEVELOPERS-buid-4d423537353939
Creative Homes,https://www.magicbricks.com/Creative-Homes-buid-4d423538303830
Siva Sai Infra Projects,https://www.magicbricks.com/Siva-Sai-Infra-Projects-buid-4d423538333131
Aakruthi Real Holdings LLP,https://www.magicbricks.com/Aakruthi-Real-Holdings-LLP-buid-4d423538333638
VENTURA ESTATE DEVELOPERS,https://www.magicbricks.com/VENTURA-ESTATE-DEVELOPERS-buid-4d423538343130
Vasavi Constructions LLP,https://www.magicbricks.com/Vasavi-Constructions-LLP-buid-4d423538343736
CHANDRA GROUP,https://www.magicbricks.com/CHANDRA-GROUP-buid-4d423538353635
A S Infra Developers,https://www.magicbricks.com/A-S-Infra-Developers-buid-4d423538373232
Senapathi Infra,https://www.magicbricks.com/Senapathi-Infra-buid-4d423538373531
Manjeera Construction,https://www.magicbricks.com/Manjeera-Construction-buid-4d423539303338
Saketh Constructions,https://www.magicbricks.com/Saketh-Constructions-buid-4d423538383237
Sunshine Infra Private Limited,https://www.magicbricks.com/Sunshine-Infra-Private-Limited-buid-4d423538383433
Surya Chandra Developers,https://www.magicbricks.com/Surya-Chandra-Developers-buid-4d423539313331
Mahindra Lifespace Developers Ltd.,https://www.magicbricks.com/Mahindra-Lifespace-Developers-Ltd.-buid-4d423539333238
Om Sai Developers,https://www.magicbricks.com/Om-Sai-Developers-buid-4d423539393931
Sai Sree Developers Pvt. Ltd.,https://www.magicbricks.com/Sai-Sree-Developers-Pvt.-Ltd.-buid-4d423539383036
SVC Ventures Pvt. Ltd.,https://www.magicbricks.com/SVC-Ventures-Pvt.-Ltd.-buid-4d423539383634
Vajra Group,https://www.magicbricks.com/Vajra-Group-buid-4d423539393935
Reliance Builders,https://www.magicbricks.com/Reliance-Builders-buid-4d423630303531
Vamsiram Builders,https://www.magicbricks.com/Vamsiram-Builders-buid-4d423539313838
GK Raj Constructions,https://www.magicbricks.com/GK-Raj-Constructions-buid-4d423539323839
Pranava Group,https://www.magicbricks.com/Pranava-Group-buid-4d423539323939
Vision Infra Developers India Pvt Ltd,https://www.magicbricks.com/Vision-Infra-Developers-India-Pvt-Ltd-buid-4d423539323339
iDream Sai RK Infra,https://www.magicbricks.com/iDream-Sai-RK-Infra-buid-4d423539313339
Sri Sreenivasa Constructions,https://www.magicbricks.com/Sri-Sreenivasa-Constructions-buid-4d423539353834
Vajram Constructions Pvt. Ltd.,https://www.magicbricks.com/Vajram-Constructions-Pvt.-Ltd.-buid-4d423539353131
Oorjita Projects,https://www.magicbricks.com/Oorjita-Projects-buid-4d423539353436
Lore Infra,https://www.magicbricks.com/Lore-Infra-buid-4d423539333535
Vijay Sai Housing Projects,https://www.magicbricks.com/Vijay-Sai-Housing-Projects-buid-4d423539333937
Vasavi Estates,https://www.magicbricks.com/Vasavi-Estates-buid-4d423539343938
Lakshmi Projects,https://www.magicbricks.com/Lakshmi-Projects-buid-4d423539343232
Fortune Builders,https://www.magicbricks.com/Fortune-Builders-buid-4d423539363937
Maruti Rich Ventures Pvt. Ltd.,https://www.magicbricks.com/Maruti-Rich-Ventures-Pvt.-Ltd.-buid-4d423630303131
Aditya Construction Company India Pvt. Ltd.,https://www.magicbricks.com/Aditya-Construction-Company-India-Pvt.-Ltd.-buid-4d423630303930
Nsk Constructions Builders,https://www.magicbricks.com/Nsk-Constructions-Builders-buid-4d423630353131
Happy Home Housing,https://www.magicbricks.com/Happy-Home-Housing-buid-4d423630343832
Shriya Constructions,https://www.magicbricks.com/Shriya-Constructions-buid-4d423630313034
Vessella Group,https://www.magicbricks.com/Vessella-Group-buid-4d423630313437
Poulomi Estates Pvt. Ltd.,https://www.magicbricks.com/Poulomi-Estates-Pvt.-Ltd.-buid-4d423630303731
Theme Projects,https://www.magicbricks.com/Theme-Projects-buid-4d423630333338
Beccun Infrastructures Ltd.,https://www.magicbricks.com/Beccun-Infrastructures-Ltd.-buid-4d423630353139
CPR Constructions Pvt. Ltd.,https://www.magicbricks.com/CPR-Constructions-Pvt.-Ltd.-buid-4d423630353237
Nestcon Group of Companies,https://www.magicbricks.com/Nestcon-Group-of-Companies-buid-4d423630353239
CSK Realtors,https://www.magicbricks.com/CSK-Realtors-buid-4d423630363239
Aditya Constructions,https://www.magicbricks.com/Aditya-Constructions-buid-4d423630363334
Vasudeva Realtors (P) Ltd.,https://www.magicbricks.com/Vasudeva-Realtors-(P)-Ltd.-buid-4d423630383138
N J R Constructions Pvt. Ltd.,https://www.magicbricks.com/N-J-R-Constructions-Pvt.-Ltd.-buid-4d423631313332
AR Sunrise Infra,https://www.magicbricks.com/AR-Sunrise-Infra-buid-4d423631303134
Neoluxus Properties,https://www.magicbricks.com/Neoluxus-Properties-buid-4d423631323439
Xenofive Constructions and Projects Pvt. Ltd.,https://www.magicbricks.com/Xenofive-Constructions-and-Projects-Pvt.-Ltd.-buid-4d423631333738
SRI VIJAYA GANAPATHI AVENUES PRIVATE LIMITED,https://www.magicbricks.com/SRI-VIJAYA-GANAPATHI-AVENUES-PRIVATE-LIMITED-buid-4d423631373032
Confident Builders,https://www.magicbricks.com/Confident-Builders-buid-4d423631373033
Legend Estates Pvt. Ltd.,https://www.magicbricks.com/Legend-Estates-Pvt.-Ltd.-buid-4d423631373635
M/s Jayabheri Properties Pvt. Ltd.,https://www.magicbricks.com/M/s-Jayabheri-Properties-Pvt.-Ltd.-buid-4d423632303830
Shiva Constructions,https://www.magicbricks.com/Shiva-Constructions-buid-4d423632343437
SH Group,https://www.magicbricks.com/SH-Group-buid-4d423632373933
Rajpushpa Properties Pvt. Ltd.,https://www.magicbricks.com/Rajpushpa-Properties-Pvt.-Ltd.-buid-4d423631393436
Sark Group,https://www.magicbricks.com/Sark-Group-buid-4d423631383332
Sahiti Constructions,https://www.magicbricks.com/Sahiti-Constructions-buid-4d423631383537
Sri Mytri Constructions and Developers,https://www.magicbricks.com/Sri-Mytri-Constructions-and-Developers-buid-4d423632323337
NMR Projects,https://www.magicbricks.com/NMR-Projects-buid-4d423632303931
Sree Vensai Projects Ltd.,https://www.magicbricks.com/Sree-Vensai-Projects-Ltd.-buid-4d423632313839
Sree Mahitha Projects Pvt. Ltd.,https://www.magicbricks.com/Sree-Mahitha-Projects-Pvt.-Ltd.-buid-4d423632333038
Sunder Homes,https://www.magicbricks.com/Sunder-Homes-buid-4d423632333130
APPLE INFRA GROUP,https://www.magicbricks.com/APPLE-INFRA-GROUP-buid-4d423632333535
Babukhan Properties,https://www.magicbricks.com/Babukhan-Properties-buid-4d423632333639
Subha Gruha Infrastrucures Pvt Ltd,https://www.magicbricks.com/Subha-Gruha-Infrastrucures-Pvt-Ltd-buid-4d423632353637
Subishi Developers Pvt. Ltd.,https://www.magicbricks.com/Subishi-Developers-Pvt.-Ltd.-buid-4d423632343639
Royal Home Constructions,https://www.magicbricks.com/Royal-Home-Constructions-buid-4d423632373039
USM MyCity,https://www.magicbricks.com/USM-MyCity-buid-4d423633313331
SVS Infracon Pvt Ltd,https://www.magicbricks.com/SVS-Infracon-Pvt-Ltd-buid-4d423633323037
Amrutha Rama Constructions Pvt. Ltd.,https://www.magicbricks.com/Amrutha-Rama-Constructions-Pvt.-Ltd.-buid-4d423633343232
SS Infra Developers,https://www.magicbricks.com/SS-Infra-Developers-buid-4d423633323935
Total Environment Building Systems Pvt. Ltd.,https://www.magicbricks.com/Total-Environment-Building-Systems-Pvt.-Ltd.-buid-4d423635323433
Divine Homes,https://www.magicbricks.com/Divine-Homes-buid-4d423634323939
Indu Group,https://www.magicbricks.com/Indu-Group-buid-4d423634343639
Udaya Heights Pvt. Ltd.,https://www.magicbricks.com/Udaya-Heights-Pvt.-Ltd.-buid-4d423633383439
Virtusa Life Spaces India Pvt Ltd,https://www.magicbricks.com/Virtusa-Life-Spaces-India-Pvt-Ltd-buid-4d423633373034
RNP Stellar Projects LLP,https://www.magicbricks.com/RNP-Stellar-Projects-LLP-buid-4d423633393733
Harikrishna,https://www.magicbricks.com/Harikrishna-buid-4d423634343238
Frontline Builder,https://www.magicbricks.com/Frontline-Builder-buid-4d423634333636
Lumbini Constructions Ltd.,https://www.magicbricks.com/Lumbini-Constructions-Ltd.-buid-4d423634363030
Shriya Infrastructure India Pvt. Ltd.,https://www.magicbricks.com/Shriya-Infrastructure-India-Pvt.-Ltd.-buid-4d423634353035
Maram Infra Projects Pvt. Ltd.,https://www.magicbricks.com/Maram-Infra-Projects-Pvt.-Ltd.-buid-4d423634363434
Pavani Estates,https://www.magicbricks.com/Pavani-Estates-buid-4d423634383033
Moghal Constructions,https://www.magicbricks.com/Moghal-Constructions-buid-4d423634363832
GS Infra,https://www.magicbricks.com/GS-Infra-buid-4d423635303334
SNR Nirman India Pvt. Ltd.,https://www.magicbricks.com/SNR-Nirman-India-Pvt.-Ltd.-buid-4d423635313131
VR Associates,https://www.magicbricks.com/VR-Associates-buid-4d423635333436
Vaishnavi Infracon India Pvt. Ltd.,https://www.magicbricks.com/Vaishnavi-Infracon-India-Pvt.-Ltd.-buid-4d423635323738
Ridge Homes LLP,https://www.magicbricks.com/Ridge-Homes-LLP-buid-4d423635343238
Orange Avenues Pvt. Ltd.,https://www.magicbricks.com/Orange-Avenues-Pvt.-Ltd.-buid-4d423635343037
Pragati Green Meadows and Resorts Ltd.,https://www.magicbricks.com/Pragati-Green-Meadows-and-Resorts-Ltd.-buid-4d423635343231
Asrithas Group,https://www.magicbricks.com/Asrithas-Group-buid-4d423636333833
VSR Constructions & Property Developers Pvt. Ltd.,https://www.magicbricks.com/VSR-Constructions-&-Property-Developers-Pvt.-Ltd.-buid-4d423635353934
Anantha Infra,https://www.magicbricks.com/Anantha-Infra-buid-4d423637333534
Mahanagar Homes Pvt. Ltd.,https://www.magicbricks.com/Mahanagar-Homes-Pvt.-Ltd.-buid-4d423635343534
Sunrise Homes Ltd.,https://www.magicbricks.com/Sunrise-Homes-Ltd.-buid-4d423635353839
Active Group Of Companies,https://www.magicbricks.com/Active-Group-Of-Companies-buid-4d423635363932
SN Kota infra,https://www.magicbricks.com/SN-Kota-infra-buid-4d423636303639
Hill County Properties,https://www.magicbricks.com/Hill-County-Properties-buid-4d423635393431
Pranathi Constructions,https://www.magicbricks.com/Pranathi-Constructions-buid-4d423635383038
S R Infra Developers,https://www.magicbricks.com/S-R-Infra-Developers-buid-4d423636303035
Amaze Infra Development Solutions Private Limited,https://www.magicbricks.com/Amaze-Infra-Development-Solutions-Private-Limited-buid-4d423636313131
Srinivasa Constructions,https://www.magicbricks.com/Srinivasa-Constructions-buid-4d423636333836
Sreekalpa Builders,https://www.magicbricks.com/Sreekalpa-Builders-buid-4d423636373732
Gem Vivendas,https://www.magicbricks.com/Gem-Vivendas-buid-4d423636393131
Harshal Developers,https://www.magicbricks.com/Harshal-Developers-buid-4d423636393636
Siri balaji constructions,https://www.magicbricks.com/Siri-balaji-constructions-buid-4d423637303832
SS Constructions,https://www.magicbricks.com/SS-Constructions-buid-4d423637313135
Levonor Lifespaces Private Limited,https://www.magicbricks.com/Levonor-Lifespaces-Private-Limited--buid-4d423637303538
VR Elite Builders & Developers,https://www.magicbricks.com/VR-Elite-Builders-&-Developers-buid-4d423637333137
Gharonda Builders and Developers,https://www.magicbricks.com/Gharonda-Builders-and-Developers-buid-4d423637333432
SOBHA Ltd.,https://www.magicbricks.com/SOBHA-Ltd.-buid-4d423639333932
Candeur Constructions,https://www.magicbricks.com/Candeur-Constructions-buid-4d423637343039
Patel Realty,https://www.magicbricks.com/Patel-Realty-buid-4d423637353635
Aditya Housing And Infrastructure Development,https://www.magicbricks.com/Aditya-Housing-And-Infrastructure-Development-buid-4d423637373934
Accurate Developers Pvt. Ltd.,https://www.magicbricks.com/Accurate-Developers-Pvt.-Ltd.-buid-4d423638313137
Alekhya Homes,https://www.magicbricks.com/Alekhya-Homes-buid-4d423638323033
Arhan infra,https://www.magicbricks.com/Arhan-infra-buid-4d423638393839
Pallavi Developers,https://www.magicbricks.com/Pallavi-Developers-buid-4d423638393931
Nayan Infra,https://www.magicbricks.com/Nayan-Infra-buid-4d423639303633
Sri Vathsa Homes Pvt Ltd,https://www.magicbricks.com/Sri-Vathsa-Homes-Pvt-Ltd-buid-4d423637363233
Namishree Infrastructure and Projects Pvt. Ltd.,https://www.magicbricks.com/Namishree-Infrastructure-and-Projects-Pvt.-Ltd.-buid-4d423637363236
Infocity Projects and Services,https://www.magicbricks.com/Infocity-Projects-and-Services-buid-4d423637353036
Syamantaka Infra,https://www.magicbricks.com/Syamantaka-Infra-buid-4d423638303732
Shiva Krishna Constructions,https://www.magicbricks.com/Shiva-Krishna-Constructions-buid-4d423638303937
Elite Ventures,https://www.magicbricks.com/Elite-Ventures-buid-4d423638313632
SMR Builders Pvt Ltd,https://www.magicbricks.com/SMR-Builders-Pvt-Ltd-buid-4d423638323338
Rami Reddy Constructions,https://www.magicbricks.com/Rami-Reddy-Constructions-buid-4d423638323637
Sri Himaghna Constructions Pvt Ltd,https://www.magicbricks.com/Sri-Himaghna-Constructions-Pvt-Ltd-buid-4d423638333531
Kavuri Hills Developers Pvt. Ltd.,https://www.magicbricks.com/Kavuri-Hills-Developers-Pvt.-Ltd.-buid-4d423638383138
Vaakruthi Infra,https://www.magicbricks.com/Vaakruthi-Infra-buid-4d423638373336
GP Group,https://www.magicbricks.com/GP-Group-buid-4d423730373439
Dinesh Projects,https://www.magicbricks.com/Dinesh-Projects-buid-4d423639353537
Srinidhi Constructions,https://www.magicbricks.com/Srinidhi-Constructions-buid-4d423639343730
AMR Aditya Homes,https://www.magicbricks.com/AMR-Aditya-Homes-buid-4d423639393731
DDM Realty,https://www.magicbricks.com/DDM-Realty-buid-4d423639393538
Sbh Project Pvt. Ltd.,https://www.magicbricks.com/Sbh-Project-Pvt.-Ltd.-buid-4d423730343235
NCC Construction,https://www.magicbricks.com/NCC-Construction-buid-4d423730333433
Sri Sai Homes,https://www.magicbricks.com/Sri-Sai-Homes-buid-4d423730373034
DRR Group,https://www.magicbricks.com/DRR-Group-buid-4d423730373934
Merlion Builders,https://www.magicbricks.com/Merlion-Builders-buid-4d423731303732
Sark Projects India Pvt. Ltd.,https://www.magicbricks.com/Sark-Projects-India-Pvt.-Ltd.-buid-4d423731303733
Build Smiles Infra Private Limited,https://www.magicbricks.com/Build-Smiles-Infra-Private-Limited-buid-4d423731343032
Sahasram Developers LLP,https://www.magicbricks.com/Sahasram-Developers-LLP-buid-4d423731323437
AR Infra Construction,https://www.magicbricks.com/AR-Infra-Construction-buid-4d423731323537
Sri Developers,https://www.magicbricks.com/Sri-Developers-buid-4d423731323932
Lifestyle Housing,https://www.magicbricks.com/Lifestyle-Housing-buid-4d423731343336
Praneeta Developers,https://www.magicbricks.com/Praneeta-Developers-buid-4d423731353834
Charmy Constructions,https://www.magicbricks.com/Charmy-Constructions-buid-4d423731383130
Speed Housing LLP,https://www.magicbricks.com/Speed-Housing-LLP-buid-4d423732303238
Fuerzaa Group,https://www.magicbricks.com/Fuerzaa-Group-buid-4d423732303439
Sreenidhi Estates India Pvt Ltd,https://www.magicbricks.com/Sreenidhi-Estates-India-Pvt-Ltd-buid-4d423732313039
Mahaveer Estate Projects,https://www.magicbricks.com/Mahaveer-Estate-Projects-buid-4d423732323533
Haripriya Developers,https://www.magicbricks.com/Haripriya-Developers-buid-4d423732333937
MKT Praneeth Homes,https://www.magicbricks.com/MKT-Praneeth-Homes-buid-4d423732333938
Raaaps Constructions,https://www.magicbricks.com/Raaaps-Constructions-buid-4d423732353131
Divyasri Realtors,https://www.magicbricks.com/Divyasri-Realtors-buid-4d423732353533
SAI PRAGATHI GROUP,https://www.magicbricks.com/SAI-PRAGATHI-GROUP-buid-4d423733303936
Environ Estates Pvt. Ltd.,https://www.magicbricks.com/Environ-Estates-Pvt.-Ltd.-buid-4d423733313133
Sushee Realty,https://www.magicbricks.com/Sushee-Realty-buid-4d423733303031
Nestcon Shelters Pvt. Ltd.,https://www.magicbricks.com/Nestcon-Shelters-Pvt.-Ltd.-buid-4d423733323032
Canny Life Spaces Pvt Ltd,https://www.magicbricks.com/Canny-Life-Spaces-Pvt-Ltd-buid-4d423733343536
SHIVANTHA INFRA,https://www.magicbricks.com/SHIVANTHA-INFRA--buid-4d423733343630
Srusti Infra Developers India Pvt. Ltd.,https://www.magicbricks.com/Srusti-Infra-Developers-India-Pvt.-Ltd.-buid-4d423732373230
Hardhik Constructions,https://www.magicbricks.com/Hardhik-Constructions-buid-4d423732363838
GR Builders & Constructions,https://www.magicbricks.com/GR-Builders-&-Constructions-buid-4d423732373131
Sanvi Property Developers,https://www.magicbricks.com/Sanvi-Property-Developers-buid-4d423733323538
Lansum Enpoint Developers LLP,https://www.magicbricks.com/Lansum-Enpoint-Developers-LLP-buid-4d423733323637
Jain Srikar Constructions,https://www.magicbricks.com/Jain-Srikar-Constructions-buid-4d423733323836
SST Builders LLP,https://www.magicbricks.com/SST-Builders-LLP-buid-4d423733343430
Global Homes And Heights LLP,https://www.magicbricks.com/Global-Homes-And-Heights-LLP-buid-4d423733333233
ECMAS Group,https://www.magicbricks.com/ECMAS-Group-buid-4d423735303336
Suvela Projects,https://www.magicbricks.com/Suvela-Projects-buid-4d423735313234
Celebrity Prime Developers,https://www.magicbricks.com/Celebrity-Prime-Developers-buid-4d423733353037
White Waters Construction Pvt Ltd,https://www.magicbricks.com/White-Waters-Construction-Pvt-Ltd-buid-4d423733353536
Trusted Walls Infra Projects,https://www.magicbricks.com/Trusted-Walls-Infra-Projects-buid-4d423734323435
Lansum Properties LLP,https://www.magicbricks.com/Lansum-Properties-LLP-buid-4d423734313136
Speed Infra Developers LLP,https://www.magicbricks.com/Speed-Infra-Developers-LLP-buid-4d423733393539
Ashoka Builders India Private Limited,https://www.magicbricks.com/Ashoka-Builders-India-Private-Limited-buid-4d423734343335
Varistha Infracon,https://www.magicbricks.com/Varistha-Infracon-buid-4d423734363839
ACE Construction Company,https://www.magicbricks.com/ACE-Construction-Company-buid-4d423734343634
T.Shashi Kumar,https://www.magicbricks.com/T.Shashi-Kumar-buid-4d423734373831
Panchajanyas Infra Developers,https://www.magicbricks.com/Panchajanyas-Infra-Developers-buid-4d423734393334
Incredible Life Spaces,https://www.magicbricks.com/Incredible-Life-Spaces-buid-4d423735313136
Hallmark Hampton Projects,https://www.magicbricks.com/Hallmark-Hampton-Projects-buid-4d423735343336
Pragna Group,https://www.magicbricks.com/Pragna-Group-buid-4d423735363135
Epitome Projects LLP,https://www.magicbricks.com/Epitome-Projects-LLP-buid-4d423735373030
Anusha Developers & Infrastructures Pvt. Ltd. & HAK Housing & Infra Pvt. Ltd.,https://www.magicbricks.com/Anusha-Developers-&-Infrastructures-Pvt.-Ltd.-&-HAK-Housing-&-Infra-Pvt.-Ltd.-buid-4d423735373237
Bricks Infratech LLP,https://www.magicbricks.com/Bricks-Infratech-LLP-buid-4d423735393536
E11 Homes,https://www.magicbricks.com/E11-Homes-buid-4d423736313334
Team 4 Life Spaces,https://www.magicbricks.com/Team-4-Life-Spaces-buid-4d423736353639
ARK Group,https://www.magicbricks.com/ARK-Group-buid-4d423737363932
Cybercity Builders and Developers Pvt. Ltd.,https://www.magicbricks.com/Cybercity-Builders-and-Developers-Pvt.-Ltd.-buid-4d423738373335
Happy Constructions,https://www.magicbricks.com/Happy-Constructions-buid-4d423737383237
Unnati Build Tech,https://www.magicbricks.com/Unnati-Build-Tech-buid-4d423739363937
Navya Developers,https://www.magicbricks.com/Navya-Developers-buid-4d423736363234
Swathi Constructions & Developers,https://www.magicbricks.com/Swathi-Constructions-&-Developers-buid-4d423736373536
Sark Projects,https://www.magicbricks.com/Sark-Projects-buid-4d423736393036
Quambiant Design Build Private Limited,https://www.magicbricks.com/Quambiant-Design-Build-Private-Limited-buid-4d423737333733
Siyora Developers,https://www.magicbricks.com/Siyora-Developers-buid-4d423737393734
Vasidaika Realty LLP,https://www.magicbricks.com/Vasidaika-Realty-LLP-buid-4d423738303034
Grupe Builders & Developers LLP,https://www.magicbricks.com/Grupe-Builders-&-Developers-LLP-buid-4d423738313933
Bhrigu Infra Pvt. Ltd.,https://www.magicbricks.com/Bhrigu-Infra-Pvt.-Ltd.-buid-4d423738333731
Shree Krishna Homes,https://www.magicbricks.com/Shree-Krishna-Homes-buid-4d423738393035
Sathguru Homes,https://www.magicbricks.com/Sathguru-Homes-buid-4d423738343835
Aaditri Housing Pvt. Ltd.,https://www.magicbricks.com/Aaditri-Housing-Pvt.-Ltd.-buid-4d423738363231
Future Acres,https://www.magicbricks.com/Future-Acres-buid-4d423738373633
Sivah Buildcon,https://www.magicbricks.com/Sivah-Buildcon-buid-4d423739313537
Adrustar Developers Pvt Ltd,https://www.magicbricks.com/Adrustar-Developers-Pvt-Ltd-buid-4d423739313539
Acra Projects Pvt. Ltd.,https://www.magicbricks.com/Acra-Projects-Pvt.-Ltd.-buid-4d423739353035
Mcor Projects LLP,https://www.magicbricks.com/Mcor-Projects-LLP-buid-4d423739383239
Casagrand Builder Pvt. Ltd.,https://www.magicbricks.com/Casagrand-Builder-Pvt.-Ltd.-buid-4d423830363733
Aigl Properties,https://www.magicbricks.com/Aigl-Properties-buid-4d423830333635
Aryamitra Properties,https://www.magicbricks.com/Aryamitra-Properties-buid-4d423830333137
Concrete Infra,https://www.magicbricks.com/Concrete-Infra-buid-4d423830303031
Vedamsa Infrastructure (P) Ltd,https://www.magicbricks.com/Vedamsa-Infrastructure-(P)-Ltd-buid-4d423830373835
RR Builders,https://www.magicbricks.com/RR-Builders-buid-4d423831363035
Pruchvi Infra,https://www.magicbricks.com/Pruchvi-Infra-buid-4d423739383839
KSR Homes,https://www.magicbricks.com/KSR-Homes-buid-4d423830303131
SSK Infra,https://www.magicbricks.com/SSK-Infra-buid-4d423830343733
YBR Infra Developers,https://www.magicbricks.com/YBR-Infra-Developers-buid-4d423830373235
Cozy Essence Builders,https://www.magicbricks.com/Cozy-Essence-Builders-buid-4d423830373237
Virtusa Lifespaces,https://www.magicbricks.com/Virtusa-Lifespaces-buid-4d423830383035
Infocity Builders,https://www.magicbricks.com/Infocity-Builders-buid-4d423831313039
Satya Sree Developers LLP,https://www.magicbricks.com/Satya-Sree-Developers-LLP-buid-4d423831313233
Greencitydukes Estates LLP,https://www.magicbricks.com/Greencitydukes-Estates-LLP-buid-4d423830383637
Continental Developers,https://www.magicbricks.com/Continental-Developers-buid-4d423830383937
Fortune9 Estates,https://www.magicbricks.com/Fortune9-Estates-buid-4d423831323233
Greater Infra Projects,https://www.magicbricks.com/Greater-Infra-Projects-buid-4d423831323933
Srika Projects,https://www.magicbricks.com/Srika-Projects-buid-4d423831333539
Prakruti Avenue Pvt. Ltd.,https://www.magicbricks.com/Prakruti-Avenue-Pvt.-Ltd.-buid-4d423831333833
Splendeur Projects,https://www.magicbricks.com/Splendeur-Projects-buid-4d423831373735
Delight Infra,https://www.magicbricks.com/Delight-Infra-buid-4d423832323039
Sri Sri Gruhanirman India Pvt. Ltd.,https://www.magicbricks.com/Sri-Sri-Gruhanirman-India-Pvt.-Ltd.-buid-4d423832343739
AR Homes,https://www.magicbricks.com/AR-Homes-buid-4d423831363937
Sri Laxmi Narasimha Builders and Developers,https://www.magicbricks.com/Sri-Laxmi-Narasimha-Builders-and-Developers-buid-4d423831373031
MPM Group,https://www.magicbricks.com/MPM-Group-buid-4d423832313033
TMR Infra Pvt. Ltd.,https://www.magicbricks.com/TMR-Infra-Pvt.-Ltd.-buid-4d423832303739
Harika Projects,https://www.magicbricks.com/Harika-Projects-buid-4d423832323535
Sunrise Infra Properties Pvt. Ltd.,https://www.magicbricks.com/Sunrise-Infra-Properties-Pvt.-Ltd.-buid-4d423832353631
Saishakti Infrastructure Pvt. Ltd.,https://www.magicbricks.com/Saishakti-Infrastructure-Pvt.-Ltd.-buid-4d423832353833
ARD Estates and Projects Pvt. Ltd.,https://www.magicbricks.com/ARD-Estates-and-Projects-Pvt.-Ltd.-buid-4d423832363031
Sravanthi Constructions Pvt. Ltd.,https://www.magicbricks.com/Sravanthi-Constructions-Pvt.-Ltd.-buid-4d423832363035
Space Vision Group,https://www.magicbricks.com/Space-Vision-Group-buid-4d423832363535
Ketrish Developer,https://www.magicbricks.com/Ketrish-Developer-buid-4d423832383237
Vasu Sri Infra Projects,https://www.magicbricks.com/Vasu-Sri-Infra-Projects-buid-4d423833303333
GKRS Properties LLP,https://www.magicbricks.com/GKRS-Properties-LLP-buid-4d423833303839
Vaishnavi Infracon India Pvt. Ltd.,https://www.magicbricks.com/Vaishnavi-Infracon-India-Pvt.-Ltd.-buid-4d423832383937
Sunshine Infra Pvt Ltd,https://www.magicbricks.com/Sunshine-Infra-Pvt-Ltd-buid-4d423833333337
JSR Group,https://www.magicbricks.com/JSR-Group-buid-4d423833323635
CSR Developers,https://www.magicbricks.com/CSR-Developers-buid-4d423833343635
Prakash Group,https://www.magicbricks.com/Prakash-Group-buid-4d423833353335
Aadhya Infra Management,https://www.magicbricks.com/Aadhya-Infra-Management-buid-4d423833363433
Signature Avenues,https://www.magicbricks.com/Signature-Avenues-buid-4d423833353131
Gokuldham Constructions and Builders Pvt. Ltd.,https://www.magicbricks.com/Gokuldham-Constructions-and-Builders-Pvt.-Ltd.-buid-4d423833373333
Vishnu Krupa Developers,https://www.magicbricks.com/Vishnu-Krupa-Developers-buid-4d423834303135
Future Acres,https://www.magicbricks.com/Future-Acres-buid-4d423834303139
GK Builders and Developers,https://www.magicbricks.com/GK-Builders-and-Developers-buid-4d423834303439
Creative Koven Developers,https://www.magicbricks.com/Creative-Koven-Developers-buid-4d423833363535
Alpine Infratech,https://www.magicbricks.com/Alpine-Infratech-buid-4d423834303935
Tranquillo Projects and Holdings Pvt. Ltd.,https://www.magicbricks.com/Tranquillo-Projects-and-Holdings-Pvt.-Ltd.-buid-4d423834313037
Svadha Builders,https://www.magicbricks.com/Svadha-Builders-buid-4d423833393133
Vaibhavi Infraa Projects,https://www.magicbricks.com/Vaibhavi-Infraa-Projects-buid-4d423834313637
Legend Estates Pvt. Ltd.,https://www.magicbricks.com/Legend-Estates-Pvt.-Ltd.-buid-4d423834313837
Amaze Constructions,https://www.magicbricks.com/Amaze-Constructions-buid-4d423834323139
Fortune Green Homes,https://www.magicbricks.com/Fortune-Green-Homes-buid-4d423834323739
Canny Vistas,https://www.magicbricks.com/Canny-Vistas-buid-4d423834323831
Kotech Projects,https://www.magicbricks.com/Kotech-Projects-buid-4d423834343037
Kalyan Infra Projects,https://www.magicbricks.com/Kalyan-Infra-Projects-buid-4d423834333035
Lotus Blue Infra Project Pvt. Ltd.,https://www.magicbricks.com/Lotus-Blue-Infra-Project-Pvt.-Ltd.-buid-4d423834333131
Ramky Srisairam Properties Private Limited,https://www.magicbricks.com/Ramky-Srisairam-Properties-Private-Limited-buid-4d423834363337
Surakshaa Infra Projects,https://www.magicbricks.com/Surakshaa-Infra-Projects-buid-4d423834363637
Aliens Developers Pvt Ltd,https://www.magicbricks.com/Aliens-Developers-Pvt-Ltd-buid-4d423835313835
Sandstone INFRA,https://www.magicbricks.com/Sandstone-INFRA-buid-4d423835323235
Fortune Greenhomes,https://www.magicbricks.com/Fortune-Greenhomes-buid-4d423835393133
Vaibhavi Projects,https://www.magicbricks.com/Vaibhavi-Projects-buid-4d423836303933
Myscape Properties Pvt Ltd.,https://www.magicbricks.com/Myscape-Properties-Pvt-Ltd.-buid-4d423836323435
Mak Projects Private Limited,https://www.magicbricks.com/Mak-Projects-Private-Limited-buid-4d423836333339
Venkata Gajanana Developers,https://www.magicbricks.com/Venkata-Gajanana-Developers-buid-4d423836343230
Vamsiram Homes,https://www.magicbricks.com/Vamsiram-Homes-buid-4d423836343734
Silversand Infratech Private Limited,https://www.magicbricks.com/Silversand-Infratech-Private-Limited-buid-4d423836383139
Anvita Builder,https://www.magicbricks.com/Anvita-Builder-buid-4d423836373135
SNR Avenues,https://www.magicbricks.com/SNR-Avenues-buid-4d423837313839
2Getherments Infra Private Limited,https://www.magicbricks.com/2Getherments-Infra-Private-Limited-buid-4d423837323335
Supritha Group,https://www.magicbricks.com/Supritha-Group-buid-4d423837303435
Qualitas Golden Enclave Pvt Ltd,https://www.magicbricks.com/Qualitas-Golden-Enclave-Pvt-Ltd-buid-4d423837303437
Aspire Spaces Private Limited,https://www.magicbricks.com/Aspire-Spaces-Private-Limited-buid-4d423837303537
Sri Meenakshi Estates,https://www.magicbricks.com/Sri-Meenakshi-Estates-buid-4d423837303733
Bensup Infra,https://www.magicbricks.com/Bensup-Infra-buid-4d423837313033
Veekay Infrastructures,https://www.magicbricks.com/Veekay-Infrastructures-buid-4d423837363633
Beams and Columns Builders Private Limited,https://www.magicbricks.com/Beams-and-Columns-Builders-Private-Limited-buid-4d423837333337
PRK Constructions,https://www.magicbricks.com/PRK-Constructions-buid-4d423837363737
EIPL Infra,https://www.magicbricks.com/EIPL-Infra-buid-4d423837373537
Aur Vridhi Avenues LLP,https://www.magicbricks.com/Aur-Vridhi-Avenues-LLP-buid-4d423837383037
League Infratech LLP,https://www.magicbricks.com/League-Infratech-LLP-buid-4d423837393735
Urrban League Realty Ventures LLP,https://www.magicbricks.com/Urrban-League-Realty-Ventures-LLP-buid-4d423837393937
Aliens Group,https://www.magicbricks.com/Aliens-Group-buid-4d423837393437
Luminous Paper Co,https://www.magicbricks.com/Luminous-Paper-Co-buid-4d423838313637
MSM Venkatasai Builders Private Limited,https://www.magicbricks.com/MSM-Venkatasai-Builders-Private-Limited-buid-4d423838343333
Vedanta Constructions,https://www.magicbricks.com/Vedanta-Constructions-buid-4d423838343435
Nishija Akshita Infra LLP,https://www.magicbricks.com/Nishija-Akshita-Infra-LLP-buid-4d423838343833
Idea Constructions,https://www.magicbricks.com/Idea-Constructions-buid-4d423838353337
Tryko Homes Pvt Ltd,https://www.magicbricks.com/Tryko-Homes-Pvt-Ltd-buid-4d423838393939
Shiv Krishna Constructions,https://www.magicbricks.com/Shiv-Krishna-Constructions-buid-4d423839303137
Shangrila Infracon India Private Limited,https://www.magicbricks.com/Shangrila-Infracon-India-Private-Limited--buid-4d423839303335
Shree Kamla Estates LLP,https://www.magicbricks.com/Shree-Kamla-Estates-LLP-buid-4d423839303835
DSR SSI Builders & Developers,https://www.magicbricks.com/DSR-SSI-Builders-&-Developers-buid-4d423839303933
Lotus Projects,https://www.magicbricks.com/Lotus-Projects-buid-4d423839313131
Svadha Projects,https://www.magicbricks.com/Svadha-Projects-buid-4d423839313233
Avantika Constructions,https://www.magicbricks.com/Avantika-Constructions-buid-4d423838393731
Regalia Smartspaces LLP,https://www.magicbricks.com/Regalia-Smartspaces-LLP-buid-4d423838393735
Srinivasa Developers,https://www.magicbricks.com/Srinivasa-Developers-buid-4d423530303234
SMR Infra Ventures Pvt. Ltd.,https://www.magicbricks.com/SMR-Infra-Ventures-Pvt.-Ltd.-buid-4d423530303238
Sree Surya Developers,https://www.magicbricks.com/Sree-Surya-Developers-buid-4d423530303037
Greenville Projects Pvt. Ltd.,https://www.magicbricks.com/Greenville-Projects-Pvt.-Ltd.-buid-4d423839313535
Cloudswood Constructions Private Limited,https://www.magicbricks.com/Cloudswood-Constructions-Private-Limited-buid-4d423839353437
Nature LIFESPACE,https://www.magicbricks.com/Nature-LIFESPACE-buid-4d423839313735
TLR Ventures,https://www.magicbricks.com/TLR-Ventures-buid-4d423839393737
