https://housing.com/in/buy/projects/page/233275-ggr-perams-aditya-aishwarya-and-others-by-ggr-infra-llp-in-malkapur,P01100001874
https://housing.com/in/buy/projects/page/251314-giridhari-rise-by-giridhari-homes-pvt-ltd-in-kismatpur,P02400001297
https://housing.com/in/buy/projects/page/239839-goldstone-imperial-park-by-goldstone-infra-in-narsingi,P02400001581
https://housing.com/in/buy/projects/page/252600-gokul-nandanam-by-gokul-constructions-in-bowrampet,P02200001142
https://housing.com/in/buy/projects/page/144061-ggr-perams-adithya-majestic-by-ggr-infra-developers-in-bhanur,P01100000107
https://housing.com/in/buy/projects/page/230271-gk-gks-lavendor-by-g-k-associates-in-sainikpuri,P02200001562
https://housing.com/in/buy/projects/page/56658-gangothri-nakshatra-pristine-by-gangothri-developers-in-narsingi,P02400000992
https://housing.com/in/buy/projects/page/201725-greater-jewel-medows-by-greater-infra-builders-and-developers-in-pragathi-nagar,P02200000486
https://housing.com/in/buy/projects/page/252600-gokul-nandanam-by-gokul-constructions-in-bowrampet,P02200001142
https://housing.com/in/buy/projects/page/130269-gkrs-palacio-by-gkrs-properties-llp-in-bandlaguda-jagir,P02400000102
https://housing.com/in/buy/projects/page/233285-garuda-the-garuda-residency-albatross-by-garuda-infra-realtors-in-borabanda,P02200001891
https://housing.com/in/buy/projects/page/202609-gowtham-gautham-sai-infrastructures-by-gowtham-sai-infrastructures-in-gajularamaram,P02200001103
https://housing.com/in/buy/projects/page/201304-gopu-joseph-praveen-reddy-saffire-2-by-gopu-joseph-praveen-reddy-in-serilingampally,P02500001025
https://housing.com/in/buy/projects/page/150616-green-city-model-county-by-green-city-estates-in-mangalpalle,P02400000584
https://housing.com/in/buy/projects/page/134788-ggr-perams-adithya-adhyata-by-ggr-infra-developers-in-,P02200000146
https://housing.com/in/buy/projects/page/144074-gk-gk-infra-by-gk-infra-private-limited-in-champapet,P02400000326
https://housing.com/in/buy/projects/page/144086-gothics-pura-vida-by-gothic-homes-in-bachupally,P02200000262
https://housing.com/in/buy/projects/page/171386-greater-jewel-paradise-by-greater-infra-builders-and-developers-in-nizampet,P02200000441
https://housing.com/in/buy/projects/page/171313-gattu-tejaswi-nikhil-srivatsavam-by-gattu-tejaswi-nikhil-in-nagaram,P02200000488
https://housing.com/in/buy/projects/page/182231-grandeur-shritha-grandeur-by-grandeur-infra-in-sitaram-bagh,P02500000707
https://housing.com/in/buy/projects/page/198302-gokul-grand-by-gokul-constructions-in-ramachandra-puram,P01100000467
https://housing.com/in/buy/projects/page/198939-green-green-roovez-by-green-roovez-constructions-in-malkajgiri,P02200000332
https://housing.com/in/buy/projects/page/199027-gajaanan-sai-eternal-by-gajaanan-structures-in-saroornagar,P02400000167
https://housing.com/in/buy/projects/page/199048-greater-koneru-kassel-by-greater-infra-builders-and-developers-in-kondapur,P02400000462
https://housing.com/in/buy/projects/page/199273-gadeela-g-k-s-residency-by-gadeela-krishna-reddy-in-kondapur,P02200000291
https://housing.com/in/buy/projects/page/201685-garuda-lemon-tree-by-garuda-infra-realtors-in-aminpur,P01100000843
https://housing.com/in/buy/projects/page/201771-gunajanya-classic-by-gunajanya-construction-in-uppal,P02200000718
https://housing.com/in/buy/projects/page/201746-go-green-arcade-by-go-green-infra-projects-in-bolarum,P02200000797
https://housing.com/in/buy/projects/page/201992-gokul-gokul-developers-by-gokul-developers-in-kapra,P02200000981
https://housing.com/in/buy/projects/page/201872-go-green-raghavendra-residency-by-go-green-infra-projects-in-kondapur,P02400000860
https://housing.com/in/buy/projects/page/201873-go-green-parimi-heights-by-go-green-infra-projects-in-bolarum,P02200000915
https://housing.com/in/buy/projects/page/202602-gpr-homes-by-gpr-developers-in-gajularamaram,P02200001096
https://housing.com/in/buy/projects/page/201993-grt-by-grt-dhanvi-infra-in-neknampur,P02400001055
https://housing.com/in/buy/projects/page/252600-gokul-nandanam-by-gokul-constructions-in-bowrampet,P02200001142
https://housing.com/in/buy/projects/page/228856-ganapathi-homes-by-ganapathi-builders-and-developers-in-sangareddy,P01100001436
https://housing.com/in/buy/projects/page/228467-garden-of-eden-v-by-garden-of-eden-in-burgul,P02400001382
https://housing.com/in/buy/projects/page/226536-goldy-vasudha-towers-a-block-by-goldy-group-in-kukatpally,P02200001190
https://housing.com/in/buy/projects/page/272412-g-k-festoon-by-gk-builders-and-developers-in-sainikpuri,P02200001480
https://housing.com/in/buy/projects/page/232008-ggr-peram-signature-park-and-others-by-ggr-infra-llp-in-girmapur,P02200001661
https://housing.com/in/buy/projects/page/233269-galaxy-govinda-sai-by-galaxy-builders-in-aminpur,P01100001889
https://housing.com/in/buy/projects/page/233199-gokul-pride-by-gokul-constructions-ameenpur-in-aminpur,P01100001738
https://housing.com/in/buy/projects/page/233280-gokul-garden-by-amaranth-kanjerla-in-r-krishnaiah-nagar,P02200001812
https://housing.com/in/buy/projects/page/234354-garden-garden-of-eden-vii-by-garden-of-eden-in-mahbubnagar,P01400001533
https://housing.com/in/buy/projects/page/250868-g-k-h-s-jasmine-by-g-k-h-properties-in-sainikpuri,P02200002047
https://housing.com/in/buy/projects/page/250880-g-k-h-gks-dahlia-by-g-k-h-properties-in-sainikpuri,P02200002097
https://housing.com/in/buy/projects/page/250843-gk-dowla-s-north-view-by-g-k-associates-in-serilingampally,P02200002026
https://housing.com/in/buy/projects/page/250850-gruhashilpis-s-kaushalya-by-gruhashilpi-constructions-pvt-ltd-in-devaryamjal,P02200001941
https://housing.com/in/buy/projects/page/250873-g-k-grandeur-south-by-g-k-builders-in-serilingampally,P02400001181
https://housing.com/in/buy/projects/page/250904-g-k-grandeur-x-l-by-g-k-builders-in-nallagandla,P02400001182
https://housing.com/in/buy/projects/page/251000-gmr-saivihar-by-gmr-housing-projects-in-miyapur,P02400001428
https://housing.com/in/buy/projects/page/250919-gayatri-vaishnaoi-gallant-by-gayatri-vaishnaoi-constructions-in-mokila,P02400001305
https://housing.com/in/buy/projects/page/251038-greater-jewel-ramjay-by-greater-infra-builders-and-developers-in-miyapur,P02400001548
https://housing.com/in/buy/projects/page/251011-ggk-pride-by-ggk-constructions-llp-in-miyapur,P02400001755
https://housing.com/in/buy/projects/page/251169-greater-pride-by-greater-infra-builders-and-developers-in-miyapur,P02400001504
https://housing.com/in/buy/projects/page/251116-goldstone-jewal-park-emerald-block-by-goldstone-infra-in-puppalaguda,P02400002037
https://housing.com/in/buy/projects/page/251184-gangothri-nakshatra-abode-by-gangothri-developers-in-narsingi,P02400001815
https://housing.com/in/buy/projects/page/264317-gkrs-bliss-by-gkrs-properties-llp-in-bandlaguda-jagir,P02400002616
https://housing.com/in/buy/projects/page/251222-gkr-s-golden-bamboos-by-gkr-constructions-in-serilingampally,P02400001583
https://housing.com/in/buy/projects/page/251349-ggr-perams-aditya-pride-iii-by-ggr-infra-developers-in-pulimamidi,P02400001592
https://housing.com/in/buy/projects/page/252452-gsb-hanusha-residency-by-gsb-homes-in-kompally,P02200002158
https://housing.com/in/buy/projects/page/252489-gokul-bhuvanam-by-gokul-constructions-in-nizampet,P02200002168
https://housing.com/in/buy/projects/page/252474-gks-lotus-by-g-k-h-properties-in-sainikpuri,P02200002165
https://housing.com/in/buy/projects/page/251352-green-western-county-by-green-city-dukes-estates-llp-in-singapur,P02400001472
https://housing.com/in/buy/projects/page/252596-golden-heights-by-b-mahesh-kumar-in-burgul,P02400002312
https://housing.com/in/buy/projects/page/252506-golden-mist-green-nest-by-golden-mist-agrofarms-and-plantations-in-chintalcheru,P01100002300
https://housing.com/in/buy/projects/page/252569-golden-park-heights-by-golden-gate-developers-in-upperpally,P02400002153
https://housing.com/in/buy/projects/page/252499-gsb-prasanna-residency-by-gsb-homes-in-kompally,P02200002131
https://housing.com/in/buy/projects/page/252491-gks-festoon-daisy-by-g-k-h-properties-in-sainikpuri,P02200002166
https://housing.com/in/buy/projects/page/252606-galaxy-shivaan-arcade-by-galaxy-builders-in-mallapur,P02500002301
https://housing.com/in/buy/projects/page/252731-green-earth-red-hills-township-by-green-earth-developers-in-kasimpur,P01100002317
https://housing.com/in/buy/projects/page/252833-gvr-green-rich-county-by-gvr-infra-projects-in-bahadurpally,P02200002350
https://housing.com/in/buy/projects/page/252769-gemini-parvathi-nilayam-block-b-by-gemini-infra-india-pvt-ltd-in-gajularamaram,P02200002348
https://housing.com/in/buy/projects/page/253487-ggr-perams-aditya-manasa-by-ggr-infra-developers-in-domara-pocham-pally,P02200002419
https://housing.com/in/buy/projects/page/254558-gayatri-elegant-by-gayatri-infra-in-alwal,P02200002541
https://housing.com/in/buy/projects/page/255870-gamut-s-vasavi-meher-niwas-by-gamut-india-projects-in-padmarao-nagar,P02500002671
https://housing.com/in/buy/projects/page/255041-g-k-constructions-hyderabad-sri-lakshmi-narasimha-enclave-by-g-k-constructions-in-boduppal,P02200002549
https://housing.com/in/buy/projects/page/253532-green-city-aerospace-county-avenue-by-green-city-estates-in-ibrahimpatnam,P02400002393
https://housing.com/in/buy/projects/page/255925-gsr-heights-by-gunapati-sridhar-reddy-in-nacharam,P02500002657
https://housing.com/in/buy/projects/page/256323-greater-carnation-by-greater-infra-projects-private-limited-in-aminpur,P01100002703
https://housing.com/in/buy/projects/page/256342-gar-71-liberty-place-by-gar-buildes-in-uppal,P02200002704
https://housing.com/in/buy/projects/page/260344-gothic-pentagon-clouds-by-gothic-homes-in-bachupally,P02200002902
https://housing.com/in/buy/projects/page/260333-gothic-pangea-by-gothic-homes-in-bachupally,P02200002759
https://housing.com/in/buy/projects/page/264216-gowthami-shiva-jyothi-nivas-by-gowthami-constructions-in-kothapet,P02400002645
https://housing.com/in/buy/projects/page/264230-ggk-green-hills-by-ggk-constructions-llp-in-zaheerabad,P01100003048
https://housing.com/in/buy/projects/page/262216-greentech-o2-community-by-sri-aditya-squares-in-beeramguda,P01100005569
https://housing.com/in/buy/projects/page/264215-gk-belford-residency-by-gk-builders-in-gundlapochampalli,P02200002830
https://housing.com/in/buy/projects/page/264260-gearupx-subhadra-crest-by-gearup-projects-in-banjara-hills,P02500002752
https://housing.com/in/buy/projects/page/264264-green-garden-by-green-valley-projects-in-kandukur,P02400002800
https://housing.com/in/buy/projects/page/264317-gkrs-bliss-by-gkrs-properties-llp-in-bandlaguda-jagir,P02400002616
https://housing.com/in/buy/projects/page/264317-gkrs-bliss-by-gkrs-properties-llp-in-bandlaguda-jagir,P02400002616
https://housing.com/in/buy/projects/page/264274-golden-maruthi-residency-by-golden-homes-builders-and-developers-in-aminpur,P01100002798
https://housing.com/in/buy/projects/page/264429-gopis-manasa-sarovar-by-manasa-sarovar-constructions-in-new-malakpet,P02500002741
https://housing.com/in/buy/projects/page/264321-gr-mayoora-by-gr-builders-hyderabad-in-jeedimetla,P02200003006
https://housing.com/in/buy/projects/page/264357-giridhari-vue-by-giridhari-homes-pvt-ltd-in-kismatpur,P02400002588
https://housing.com/in/buy/projects/page/264452-g-k-s-majestic-by-g-k-builders-and-developers-in-yapral,P02200003128
https://housing.com/in/buy/projects/page/264472-g-k-s-silver-leaf-by-g-k-builders-and-developers-in-yapral,P02200003315
https://housing.com/in/buy/projects/page/264460-green-leaves-infra-by-green-leaves-infra-in-mansoorabad,P02500003355
https://housing.com/in/buy/projects/page/264917-giridhari-signature-1-by-giridhari-constructions-and-siri-nivas-infra-jv-in-zaheerabad,P01100003095
https://housing.com/in/buy/projects/page/264916-gpr-by-gpr-constructions-and-developers-in-gurram-guda,P02400003085
https://housing.com/in/buy/projects/page/264877-goldenkey-krishi-by-goldenkey-ventures-private-limited-in-manikonda,P02400002895
https://housing.com/in/buy/projects/page/264977-ganapathi-silk-tower-by-ganapathi-builders-and-developers-in-auto-nagar,P02400003156
https://housing.com/in/buy/projects/page/264991-ganesh-nagar-by-pagadala-ganesh-in-taramatipet,P02400003097
https://housing.com/in/buy/projects/page/264913-g-k-casa-grande-by-gk-builders-and-developers-in-yapral,P02200002971
https://housing.com/in/buy/projects/page/264981-go-green-radha-krishna-mansion-by-go-green-infra-projects-in-alwal,P02200003088
https://housing.com/in/buy/projects/page/264997-ggr-perams-aditya-magnum-opus-3-by-ggr-infra-developers-in-isnapur,P01100003189
https://housing.com/in/buy/projects/page/265076-gcr-ushodaya-residency-by-gcr-builders-in-uppal,P02200002939
https://housing.com/in/buy/projects/page/265078-gokul-heights-by-gokul-constructions-in-aminpur,P01100003346
https://housing.com/in/buy/projects/page/265001-greater-infras-cosmos-by-greater-infra-projects-private-limited-in-aminpur,P01100003169
https://housing.com/in/buy/projects/page/265290-greater-aster-by-greater-infra-projects-private-limited-in-aminpur,P01100003378
https://housing.com/in/buy/projects/page/265337-gokul-plaza-by-gokul-constructions-in-aminpur,P01100003345
https://housing.com/in/buy/projects/page/265646-g-square-epitome-by-g-square-housing-in-choutuppal,P02000003057
https://housing.com/in/buy/projects/page/267435-golden-lorven-by-golden-bricks-infra-in-dammaiguda,P02200003528
https://housing.com/in/buy/projects/page/267420-gb-rising-apartments-by-gb-dharani-constructions-in-gajularamaram,P02200003390
https://housing.com/in/buy/projects/page/269448-green-leaf-by-kaipu-ashok-reddy-in-rudraram,P01100003666
https://housing.com/in/buy/projects/page/269571-golden-shiva-shakti-heights-by-golden-space-construction-in-yousufguda,P02500003590
https://housing.com/in/buy/projects/page/269513-gnr-vasavi-nirvana-by-shree-vasavi-developers-in-attapur,P02500003630
https://housing.com/in/buy/projects/page/269594-gpr-anitha-residency-by-gpr-in-bolarum,P02200003557
https://housing.com/in/buy/projects/page/269452-gkr-vijaya-lakshmi-nivas-by-gkr-constructions-in-aminpur,P01100003558
https://housing.com/in/buy/projects/page/269608-gem-nakshathra-by-gem-vivendas-in-kokapet,P02400003537
https://housing.com/in/buy/projects/page/269714-gmrc-constructions-and-others-by-gmrc-constructions-in-meerpet,P02400003739
https://housing.com/in/buy/projects/page/269699-gokul-saianurag-residency-by-gokul-constructions-ameenpur-in-nizampet,P02200003747
https://housing.com/in/buy/projects/page/269608-gem-nakshathra-by-gem-vivendas-in-kokapet,P02400003537
https://housing.com/in/buy/projects/page/270677-garuda-swarna-nagar-by-garuda-real-estates-in-kushal-nagar,P01300003413
https://housing.com/in/buy/projects/page/270569-green-leaf-by-green-leaf-projects-and-others-in-bhuvanagiri,P02000003338
https://housing.com/in/buy/projects/page/270849-greenmetro-rrr-harithavanam-by-greenmetro-infratech-and-projects-pvt-ltd-in-jubilee-hills,P02000003891
https://housing.com/in/buy/projects/page/270815-glentree-pharma-county-by-glentree-homes-in-yacharam,P02400003880
https://housing.com/in/buy/projects/page/270796-greater-infra-jasmine-by-greater-infra-projects-private-limited-in-aminpur,P01100003834
https://housing.com/in/buy/projects/page/270859-gk-lvnrs-vyshali-heights-by-gk-constructions-in-nacharam,P02200003869
https://housing.com/in/buy/projects/page/270849-greenmetro-rrr-harithavanam-by-greenmetro-infratech-and-projects-pvt-ltd-in-jubilee-hills,P02000003891
https://housing.com/in/buy/projects/page/270875-gk-interlake-by-gk-infra-con-in-sainikpuri,P02200003872
https://housing.com/in/buy/projects/page/270850-greater-infras-daffodil-by-greater-infra-projects-private-limited-in-aminpur,P01100003831
https://housing.com/in/buy/projects/page/270884-glentree-pharma-county-ii-by-glentree-homes-in-nandiwanaparthy,P02400003881
https://housing.com/in/buy/projects/page/270892-gunuganti-constructions-by-gunuganti-constructions-and-developers-private-limited-in-auto-nagar,P02400003863
https://housing.com/in/buy/projects/page/270881-gautam-sai-teja-homes-by-gautam-constructions-in-kuntloor,P02400003845
https://housing.com/in/buy/projects/page/271102-glr-usha-kiran-enclave-by-glr-estates-and-developers-in-zaheerabad,P01100003923
https://housing.com/in/buy/projects/page/271110-green-valley-by-sunkara-srinivasa-in-alair,P02000003919
https://housing.com/in/buy/projects/page/271095-global-city-v-by-greater-infra-projects-in-shankarpally,P01100003856
https://housing.com/in/buy/projects/page/271308-gk-surya-arcade-by-gk-infra-con-in-kowkur,P02200003961
https://housing.com/in/buy/projects/page/271348-galaxy-calton-hill-by-galaxy-builders-in-uppal,P02200003996
https://housing.com/in/buy/projects/page/273717-gnr-homestead-by-gnr-constructions-in-turkapally,P02200004146
https://housing.com/in/buy/projects/page/272964-gayatri-vaishnaoi-imperial-by-gayatri-vaishnaoi-constructions-in-somajiguda,P02500004016
https://housing.com/in/buy/projects/page/272412-g-k-festoon-by-gk-builders-and-developers-in-sainikpuri,P02200001480
https://housing.com/in/buy/projects/page/274148-galleria-lofts-by-madhava-reddy-badam-in-dundigal,P02200004251
https://housing.com/in/buy/projects/page/274068-ggr-perams-aditya-magnum-opus-4-by-ggr-infra-developers-in-rudraram,P02200004238
https://housing.com/in/buy/projects/page/274072-ggr-perams-aditya-magnum-opus-by-ggr-infra-developers-in-rudraram,P02200004238
https://housing.com/in/buy/projects/page/274394-green-earth-marvel-by-green-earth-developers-in-sangareddy,P01100004200
https://housing.com/in/buy/projects/page/279495-ghr-callisto-by-ghr-infra-in-kollur,P01100004554
https://housing.com/in/buy/projects/page/282241-golden-mist-nimz-hill-view-by-golden-mist-agrofarms-and-plantations-in-shadnagar,P01100004422
https://housing.com/in/buy/projects/page/282177-ghpl-happiness-hub-by-giridhari-homes-pvt-ltd-in-kismatpur,P02400004673
https://housing.com/in/buy/projects/page/282273-golden-mist-celebritys-nimz-gate-way-by-golden-mist-agrofarms-and-plantations-in-sangareddy,P01100004423
https://housing.com/in/buy/projects/page/282280-greater-aspen-by-greater-infra-projects-private-limited-in-aminpur,P01100004547
https://housing.com/in/buy/projects/page/282394-ggk-crown-block-a-by-ggk-constructions-llp-in-pragathi-nagar,P02200004376
https://housing.com/in/buy/projects/page/282341-gsr-pride-a-by-gsr-infra-developers-in-meerpet,P02400004752
https://housing.com/in/buy/projects/page/282401-gangasthan-medchal-1-by-gangasthan-medchal-in-medchal,P02200004508
https://housing.com/in/buy/projects/page/282411-gr-sri-laxmi-nilayam-by-gr-infra-in-bachupally,P02200004439
https://housing.com/in/buy/projects/page/282402-ggk-crown-block-b-by-ggk-constructions-llp-in-bachupally,P02200004310
https://housing.com/in/buy/projects/page/282439-gr-triveni-towers-by-gr-infra-in-quthbullapur,P02200004706
https://housing.com/in/buy/projects/page/282453-gk-avenue-by-gk-infra-private-limited-in-upparpally,P02400004548
https://housing.com/in/buy/projects/page/282463-gkh-rams-arcade-by-gkh-properties-private-limited-in-kapra,P02200004800
https://housing.com/in/buy/projects/page/282464-gpr-glrao-residency-by-gpr-in-bolarum,P02200004445
https://housing.com/in/buy/projects/page/282490-golden-keys-mayura-sriven-by-golden-key-prime-properties-llp-in-gowdavalli,P02200004426
https://housing.com/in/buy/projects/page/282509-gloriance-residency-by-gloriance-infra-india-private-limited-in-quthbullapur,P02200004579
https://housing.com/in/buy/projects/page/282533-glr-nest-by-glr-constructions-india-pvt-ltd-in-ramachandra-puram,P02400004317
https://housing.com/in/buy/projects/page/282581-golden-sai-kiran-residency-by-golden-homes-builders-and-developers-in-puppalaguda,P02500004482
https://housing.com/in/buy/projects/page/282518-grupe-treasure-county-phase-2-by-grupe-builders-and-developers-llp-in-yacharam,P02400004500
https://housing.com/in/buy/projects/page/282586-gmrc-krishna-krupa-arcade-by-nishanth-infra-developers-private-limited-in-meerpet,P02400004388
https://housing.com/in/buy/projects/page/282637-green-tulasi-lake-front-block-5-by-greenmetroprojects-in-suraram,P02200004366
https://housing.com/in/buy/projects/page/282814-grupe-treasure-county-phase-i-by-grupe-builders-and-developers-llp-in-yacharam,P02400004443
https://housing.com/in/buy/projects/page/282662-glr-classic-ii-by-glr-constructions-india-pvt-ltd-in-chandanagar,P02400004221
https://housing.com/in/buy/projects/page/282852-gk-shraddha-saburi-heights-by-gk-constructions-in-kapra,P02200004760
https://housing.com/in/buy/projects/page/282867-gk-infra-green-grove-by-gk-infra-private-limited-in-kondapur,P02400004660
https://housing.com/in/buy/projects/page/282858-green-gold-nest-by-green-space-infra-hyderabad-in-saroornagar,P02400004182
https://housing.com/in/buy/projects/page/283391-gkh-gk-triad-block-a-by-gkh-properties-private-limited-in-yapral,P02200004853
https://housing.com/in/buy/projects/page/283401-gkh-park-eastend-appartments-by-gkh-properties-private-limited-in-kapra,P02200004852
https://housing.com/in/buy/projects/page/283404-golden-heights-by-mohamad-mahaboob-gori-in-kapra,P02200004871
https://housing.com/in/buy/projects/page/283405-gk-triad-block-b-by-gkh-properties-private-limited-in-yapral,P02200004856
https://housing.com/in/buy/projects/page/283003-golden-key-meraki-by-goldenkey-ventures-pvt-ltd-in-aminpur,P01100007271
https://housing.com/in/buy/projects/page/283423-gk-triad-block-c-by-gkh-properties-private-limited-in-yapral,P02200004854
https://housing.com/in/buy/projects/page/283903-g-s-infra-setty-s-yellow-meadows-by-g-s-infra-in-dundigal,P02200004916
https://housing.com/in/buy/projects/page/284054-go-green-paradise-by-go-green-infra-projects-in-kompally,P02200004934
https://housing.com/in/buy/projects/page/283956-garuda-grandeur-by-garuda-builders-in-bowrampet,P02200004949
https://housing.com/in/buy/projects/page/284667-greater-honesty-by-greater-infra-projects-private-limited-in-aminpur,P01100004997
https://housing.com/in/buy/projects/page/284684-gmrc-pride-by-gmrc-constructions-in-meerpet,P02400004920
https://housing.com/in/buy/projects/page/284715-gvr-arcade-by-gvr-constructions-in-alwal,P02200004999
https://housing.com/in/buy/projects/page/284717-greater-c-s-rao-green-valley-by-greater-infra-projects-private-limited-in-mallampet,P01100005013
https://housing.com/in/buy/projects/page/286517-gvr-central-vistas-yapral-north-block-by-gvr-constructions-in-yapral,P02200005158
https://housing.com/in/buy/projects/page/286588-garuda-residency-myna-by-garuda-infra-projects-in-aminpur,P01100005209
https://housing.com/in/buy/projects/page/284770-grenstone-siri-elite-by-grenstone-infra-in-sirigiripuram,P02400005051
https://housing.com/in/buy/projects/page/286987-greenstoneindia-kadamba-forest-by-greenstoneindia-developers-pvt-ltd-in-malikdanguda,P02400005117
https://housing.com/in/buy/projects/page/287398-gvr-central-vistas-yapral-central-block-by-gvr-constructions-in-yapral,P02200005279
https://housing.com/in/buy/projects/page/287514-green-city-western-county-extension-by-green-city-estates-in-shankarpally,P02400005264
https://housing.com/in/buy/projects/page/287424-gvr-central-vistas-yapral-east-block-by-gvr-constructions-in-yapral,P02200005282
https://housing.com/in/buy/projects/page/86656-hallmark-vicinia-by-hallmark-builders-in-narsingi,P02400000184
https://housing.com/in/buy/projects/page/236727-hallmark-sunnyside-by-hallmark-builders-in-manchirevula,P02400001918
https://housing.com/in/buy/projects/page/45983-hallmark-silvanus-by-hallmark-builders-in-neknampur,P02400000253
https://housing.com/in/buy/projects/page/251207-hallmark-county-by-hallmark-infracon-i-pvt-ltd-in-osman-nagar,P02400002361
https://housing.com/in/buy/projects/page/115192-hsr-sri-ramachandra-manor-by-hsr-ventures-pvt-ltd-in-hastinapuram,P02400000088
https://housing.com/in/buy/projects/page/227035-honer-aquantis-by-honer-developers-pvt-ltd-in-gopanapalli,P02400001263
https://housing.com/in/buy/projects/page/252647-hardhik-meraki-boulevard-by-hardhik-constructions-in-peeramcheru,P02400002325
https://housing.com/in/buy/projects/page/42414-hivision-serene-by-hivision-developer-in-dr-a-s-rao-nagar-colony,P02200000662
https://housing.com/in/buy/projects/page/227026-hilife-sunrise-by-hilife-infrastructures-in-old-bowenpally,P02200001238
https://housing.com/in/buy/projects/page/204569-hirize-rich-park-by-hirize-projects-in-kokapet,P02400001448
https://housing.com/in/buy/projects/page/199221-hpr-gardenia-by-hpr-infra-in-debbalaguda,P02400000283
https://housing.com/in/buy/projects/page/99444-hallmark-empyrean-by-hallmark-builders-in-puppalaguda,P02400000722
https://housing.com/in/buy/projects/page/133176-hardhik-kjr-residency-by-hardhik-constructions-in-kachiguda,P02500000047
https://housing.com/in/buy/projects/page/250967-havya-marvel-heights-by-havya-infrastructures-in-narsingi,P02400001609
https://housing.com/in/buy/projects/page/231097-heartland-one-by-heartland-infra-in-yapral,P02200001564
https://housing.com/in/buy/projects/page/251191-haris-pranava-residency-by-haris-pranava-builders-in-miyapur,P02400001884
https://housing.com/in/buy/projects/page/201838-hareeni-singapur-county-phase-ii-by-hareeni-homes-in-shankarpally,P02400000782
https://housing.com/in/buy/projects/page/227588-harmony-marvel-by-harmony-constructions-in-sanath-nagar,P02500001273
https://housing.com/in/buy/projects/page/134412-h-and-m-sai-estates-by-h-m-avenue-projects-private-limited-in-kukatpally,P02200000124
https://housing.com/in/buy/projects/page/198930-hema-hema-infra-developers-by-hema-infra-developers-in-nallakunta,P02500000832
https://housing.com/in/buy/projects/page/231981-hormigon-agate-by-hormigon-engineering-and-infra-pvtltd-in-serilingampally,P02400001648
https://housing.com/in/buy/projects/page/171377-himalaya-govind-sai-residency-by-himalaya-constructions-in-hafeezpet,P02500000562
https://housing.com/in/buy/projects/page/134461-havya-danish-heights-by-havya-infrastructures-in-gachibowli,P02400000007
https://housing.com/in/buy/projects/page/125736-hallmark-elitia-by-hallmark-builders-in-puppalaguda,P02400000250
https://housing.com/in/buy/projects/page/130854-hanuman-eternal-indra-by-hanuman-builders-in-saroornagar,P02500000122
https://housing.com/in/buy/projects/page/72699-hanuman-and-sri-rama-sai-laxmi-ganapathi-nilayam-by-hanuman-and-sri-rama-constructions-in-bolarum,P02200000953
https://housing.com/in/buy/projects/page/171577-hari-vallabh-surya-paradise-by-harivallabh-developers-and-builders-in-amberpet,P02400000664
https://housing.com/in/buy/projects/page/134823-happy-bhaskara-residency-by-happy-homes-lifespace-developers-in-chandanagar,P02400000053
https://housing.com/in/buy/projects/page/201854-himalaya-himany-residency-by-himalaya-constructions-in-aminpur,P02400000795
https://housing.com/in/buy/projects/page/202610-h-b-r-haritha-homes-by-h-b-r-constructions-and-developers-in-karmanghat,P02400001088
https://housing.com/in/buy/projects/page/228846-harikrishna-sai-teja-residence-by-harikrishna-builders-and-developers-in-pocharam,P02200001408
https://housing.com/in/buy/projects/page/231439-heartland-two-by-heartland-infra-in-yapral,P02200001621
https://housing.com/in/buy/projects/page/229975-harika-constructions-satveda-heights-by-harika-constructions-consultants-in-kothapet,P02400001529
https://housing.com/in/buy/projects/page/233283-harish-chandra-gupta-nirmal-sapphire-by-harish-chandra-gupta-and-sujata-gupta-in-yapral,P02200001887
https://housing.com/in/buy/projects/page/234353-headway-srinivasa-towers-by-headway-constructions-in-mahbubnagar,P01400001222
https://housing.com/in/buy/projects/page/234530-himajaa-sl-himajaa-highland-by-himajaa-infra-and-developers-in-raghunathapally,P00600001736
https://housing.com/in/buy/projects/page/234360-headway-sri-lakshmi-venkateshwara-nilayam-by-headway-constructions-in-mahbubnagar,P01400001719
https://housing.com/in/buy/projects/page/250929-haneesh-pride-by-haneesh-constructions-in-peeramcheru,P02400001233
https://housing.com/in/buy/projects/page/250976-hi-rock-mythirs-natural-island-by-hi-rock-infra-in-kothur,P02400001634
https://housing.com/in/buy/projects/page/251037-hyderabad-hic-green-avenue-phase-2-by-hyderabad-insulations-corporation-in-serilingampally,P02400001551
https://housing.com/in/buy/projects/page/251097-haris-pranava-elite-by-haris-pranava-builders-in-miyapur,P02400001704
https://housing.com/in/buy/projects/page/260489-harshith-springfield-apartments-by-harshith-infra-developers-in-kandi,P01100004450
https://housing.com/in/buy/projects/page/255906-haritha-pearl-luxury-apartments-by-gunapati-sridhar-reddy-in-kapra,P02500002672
https://housing.com/in/buy/projects/page/252801-h-and-m-samshraya-homes-by-h-m-avenue-projects-private-limited-in-kukatpally,P02200002337
https://housing.com/in/buy/projects/page/263433-hallmark-skyrena-by-hallmark-builders-in-narsingi,P02400003042
https://housing.com/in/buy/projects/page/264233-harikeshava-tjr-meadows-by-harikeshava-infra-developers-llp-in-yadagirigutta,P02000002782
https://housing.com/in/buy/projects/page/264348-haritha-residency-by-jvr-constructions-in-hastinapuram,P02400002856
https://housing.com/in/buy/projects/page/264319-highrise-ayodhya-by-highrise-construction-in-saroornagar,P02400003090
https://housing.com/in/buy/projects/page/264355-hiranandani-loftline-phase-3-by-house-of-hiranandani-in-bhanur,P02400002582
https://housing.com/in/buy/projects/page/264414-himalaya-anjani-residency-by-himalaya-constructions-in-miyapur,P02500002955
https://housing.com/in/buy/projects/page/264469-harika-vk-elina-by-harika-constructions-and-developers-in-nagole,P02200003270
https://housing.com/in/buy/projects/page/264986-hallmark-treasor-by-hallmark-builders-in-gandipet,P02400003226
https://housing.com/in/buy/projects/page/264474-habitat-ira-by-habitat-infrastructures-in-uppal,P02200003201
https://housing.com/in/buy/projects/page/265004-highrise-sharma-residency-by-high-rise-constructions-in-saroornagar,P02400003089
https://housing.com/in/buy/projects/page/267529-h-r-aspire-block-b-by-h-r-infra-hyderabad-in-saroornagar,P02400003450
https://housing.com/in/buy/projects/page/267417-h-r-aspire-block-a-by-h-r-infra-hyderabad-in-karmanghat,P02400003475
https://housing.com/in/buy/projects/page/267423-hrs-sai-krupa-apartment-by-hrs-projects-in-boduppal,P02200003524
https://housing.com/in/buy/projects/page/267947-harmony-jewel-by-harmony-constructions-in-masab-tank,P02500003604
https://housing.com/in/buy/projects/page/269457-horizon-a-by-venkana-aravind-reddy-in-bachupally,P02200003655
https://housing.com/in/buy/projects/page/268628-harivillu-vg-brindavanam-by-harivillu-homes-pvt-ltd-in-yadagirigutta,P02000003680
https://housing.com/in/buy/projects/page/269501-harshit-green-hills-by-harshit-constructions-in-inamguda,P02400003572
https://housing.com/in/buy/projects/page/269464-hari-hara-himagiri-by-hari-hara-infra-in-bachupally,P02200003538
https://housing.com/in/buy/projects/page/269461-haripriya-pride-by-haripriya-developer-in-bhuvanagiri,P02000003664
https://housing.com/in/buy/projects/page/269545-helix-vulcha-pratapa-rudra-luxury-villas-by-helix-vulcha-developers-in-godumakunta,P02200003659
https://housing.com/in/buy/projects/page/269628-heavenly-hhc-eternia-by-heavenly-homes-in-neknampur,P02400003790
https://housing.com/in/buy/projects/page/269601-heda-r-n-enclave-by-heda-infra-projects-private-limited-in-kapra,P02200003595
https://housing.com/in/buy/projects/page/269601-heda-r-n-enclave-by-heda-infra-projects-private-limited-in-kapra,P02200003595
https://housing.com/in/buy/projects/page/269601-heda-r-n-enclave-by-heda-infra-projects-private-limited-in-kapra,P02200003595
https://housing.com/in/buy/projects/page/270908-highrise-forest-edge-by-high-rise-constructions-in-kuntloor,P02400003846
https://housing.com/in/buy/projects/page/269740-heavenly-hhc-gardenia-by-heavenly-homes-in-manikonda,P02400003789
https://housing.com/in/buy/projects/page/271700-harika-vk-delight-by-harika-constructions-and-developers-in-kothapet,P02400004029
https://housing.com/in/buy/projects/page/271156-harika-vk-elina-block-2-by-harika-constructions-and-developers-in-nagole,P02200003931
https://housing.com/in/buy/projects/page/273025-hpr-lake-front-by-hpr-infra-in-hafeezpet,P02400004337
https://housing.com/in/buy/projects/page/273045-hallmark-5a-by-hallmark-builders-in-velimela,P01100004115
https://housing.com/in/buy/projects/page/273249-heartland-hampton-park-by-heartland-infra-in-yapral,P02200004178
https://housing.com/in/buy/projects/page/273256-headway-sai-vasavi-arcade-by-headway-constructions-in-jadcherla,P01400004163
https://housing.com/in/buy/projects/page/273344-harikeshava-tjr-meadows-extension-by-harikeshava-infra-developers-llp-in-yadagirigutta,P02000004179
https://housing.com/in/buy/projects/page/282282-himalaya-krishna-sai-residency-by-himalaya-constructions-in-aminpur,P01100004615
https://housing.com/in/buy/projects/page/282231-harsha-classic-by-lakshmi-projects-in-patancheru,P01100004433
https://housing.com/in/buy/projects/page/277022-harshith-springfield-apartments-by-harshith-infra-developers-in-kandi,P01100004450
https://housing.com/in/buy/projects/page/282430-harika-vk-elite-by-harika-constructions-and-developers-in-nagole,P02200004658
https://housing.com/in/buy/projects/page/282585-havya-marvel-residency-by-havya-infrastructures-in-narsingi,P02400004368
https://housing.com/in/buy/projects/page/282855-hivision-heights-by-hivision-developer-in-kompally,P02200004429
https://housing.com/in/buy/projects/page/282825-horizon-cloud-nine-by-horizon-projects-hyderabad-in-madeenaguda,P02400004774
https://housing.com/in/buy/projects/page/282393-hari-vallabh-surya-nestila-by-harivallabh-developers-and-builders-in-quthbullapur,P02200004362
https://housing.com/in/buy/projects/page/283927-harichandana-mayfair-villas-by-umamaheswar-rao-lagadapati-in-keshampet,P02400004892
https://housing.com/in/buy/projects/page/284671-hallmark-pinnacle-by-hallmark-builders-in-pati,P01100004147
https://housing.com/in/buy/projects/page/284947-hpr-lakefront-by-hpr-homes-llp-in-hafeezpet,P02400004337
https://housing.com/in/buy/projects/page/285812-h-and-r-kisr-mansion-by-h-and-r-developers-in-balapur,P02400005130
https://housing.com/in/buy/projects/page/285816-homeland-green-trails-by-homeland-developers-in-kongara-kalan,P02400005139
https://housing.com/in/buy/projects/page/288315-hallmark-imperia-by-hallmark-infracon-i-pvt-ltd-in-osman-nagar,P02400003577
https://housing.com/in/buy/projects/page/208629-indis-viva-city-by-indis-in-kondapur,P02400001477
https://housing.com/in/buy/projects/page/130196-indis-vb-city-by-indis-in-bolarum,P02200000165
https://housing.com/in/buy/projects/page/238287-incor-lake-city-by-incor-infrastructure-pvt-ltd-in-patancheru,P01100002420
https://housing.com/in/buy/projects/page/198496-infocity-premlatha-grandeur-by-infocity-projects-and-services-in-peerzadiguda,P02200000674
https://housing.com/in/buy/projects/page/202629-icon-towers-by-icon-constructions-in-nagaram,P02200001120
https://housing.com/in/buy/projects/page/236602-icon-comfort-by-icon-developers-in-nallakunta,P02500001971
https://housing.com/in/buy/projects/page/251068-isthha-parijatha-arena-by-isthha-builders-india-private-limited-in-kadthal,P02400001926
https://housing.com/in/buy/projects/page/251120-infocity-emerald-by-infocity-builders-in-hafeezpet,P02400002067
https://housing.com/in/buy/projects/page/253510-incor-lake-city-projects-pvt-ltd-by-incor-infrastructure-pvt-ltd-in-patancheru,P01100002420
https://housing.com/in/buy/projects/page/201965-indu-annexe-project-plot-by-indu-projects-limited-in-kukatpally,P02200000994
https://housing.com/in/buy/projects/page/239884-infocity-eyrie-by-infocity-builders-in-ramachandra-puram,P01100002065
https://housing.com/in/buy/projects/page/150617-imperia-true-gold-8a-by-imperia-estates-llp-in-shadnagar,P02400000454
https://housing.com/in/buy/projects/page/201953-indu-annexe-project-by-indu-projects-limited-in-kukatpally,P02200000994
https://housing.com/in/buy/projects/page/201859-indigo-enclave-by-indigo-constructions-in-maisigandi,P02200000861
https://housing.com/in/buy/projects/page/229992-indu-lake-view-apartment-by-indu-developers-in-serilingampally,P02500001539
https://housing.com/in/buy/projects/page/250861-indula-kamadhenu-enclave-by-indula-infra-in-medchal,P02200001958
https://housing.com/in/buy/projects/page/251182-indis-pbel-city-tower-m-sapphire-by-indis-in-peeramcheru,P02400001909
https://housing.com/in/buy/projects/page/254550-inscribe-hamlet-by-inscribe-lifestyles-llp-in-medchal,P02200002529
https://housing.com/in/buy/projects/page/252493-indraprastha-satya-krishnas-indraprastha-by-indraprastha-homes-in-gandi-maisamma,P02200002118
https://housing.com/in/buy/projects/page/250974-imperia-true-gold-8b-by-imperia-estates-llp-in-shadnagar,P02400001619
https://housing.com/in/buy/projects/page/256321-inspire-the-orion-by-inspire-projects-in-kondapur,P02400002698
https://housing.com/in/buy/projects/page/264322-ideal-park-by-ideal-builders-in-puppalaguda,P02400002617
https://housing.com/in/buy/projects/page/264360-indukuri-lake-shore-by-indukuri-lifespaces-llp-in-pedda-amberpet,P02400002738
https://housing.com/in/buy/projects/page/264922-idea-samskruthi-by-idea-estates-in-edulabad,P02200002875
https://housing.com/in/buy/projects/page/260277-ira-aspiration-by-ira-reality-in-kollur,P01100002880
https://housing.com/in/buy/projects/page/260276-ira-miracle-by-ira-reality-in-kollur,P01100002811
https://housing.com/in/buy/projects/page/264330-inspire-oak-wood-by-inspire-projects-in-kondapur,P02400002877
https://housing.com/in/buy/projects/page/265006-ithika-nirvana-county-by-ithika-developers-llp-in-mahankhali-nagar,P02400003168
https://housing.com/in/buy/projects/page/264359-ira-aerocity-by-ira-reality-in-shamshabad,P02400002801
https://housing.com/in/buy/projects/page/267437-ireddy-platinum-residency-by-ireddy-constructions-in-miyapur,P02500003523
https://housing.com/in/buy/projects/page/271006-imperial-park-by-uma-maheswari-kanduri-in-kurmedu,P01800003827
https://housing.com/in/buy/projects/page/267509-ideal-nest-block-a-by-ideal-builders-in-narsingi,P02400003463
https://housing.com/in/buy/projects/page/270912-iris-by-chinthala-shankeraiah-and-others-in-gudur,P02000003368
https://housing.com/in/buy/projects/page/274318-indis-springdale-by-indis-in-dubbacherla,P02400004149
https://housing.com/in/buy/projects/page/268625-ira-m3-by-ira-realty-in-kollur,P01100004834
https://housing.com/in/buy/projects/page/278823-ideal-block-a-blooms-by-ideal-builders-in-narsingi,P02400004171
https://housing.com/in/buy/projects/page/282578-isthha-sripura-by-isthha-builders-india-private-limited-in-maisigandi,P02400004702
https://housing.com/in/buy/projects/page/282543-icon-residency-by-icon-constructions-in-nagaram,P02200004692
https://housing.com/in/buy/projects/page/282629-inspire-arena-by-inspire-infra-in-puppalaguda,P02400004786
https://housing.com/in/buy/projects/page/282648-ideal-block-b-blooms-by-ideal-builders-in-narsingi,P02400004173
https://housing.com/in/buy/projects/page/282797-ideal-icon-block-b-by-ideal-builders-in-puppalaguda,P02400004160
https://housing.com/in/buy/projects/page/283081-ideas-shoba-nath-by-idea-constructions-in-pocharam,P02200004141
https://housing.com/in/buy/projects/page/283437-infocity-marvel-by-infocity-infratech-in-serilingampally,P02400004864
https://housing.com/in/buy/projects/page/283397-ideal-icon-block-a-by-ideal-builders-in-puppalaguda,P02400004167
https://housing.com/in/buy/projects/page/284082-infinity-shashi-surabhi-by-infinity-homes-hyderabad-in-gandipet,P02400004915
https://housing.com/in/buy/projects/page/282796-icon-city-by-akkali-venkat-reddy-in-ibrahimpatnam,P02400004821
https://housing.com/in/buy/projects/page/284719-indek-js-residency-by-indek-infra-hyderabad-in-kapra,P02200004991
https://housing.com/in/buy/projects/page/284711-ideal-butter-fly-by-ideal-builders-in-narsingi,P02400005021
https://housing.com/in/buy/projects/page/284735-ideal-epitome-by-ideal-builders-in-gandipet,P02400005053
https://housing.com/in/buy/projects/page/284767-inspire-four-square-by-inspire-infra-in-narsingi,P02400005024
https://housing.com/in/buy/projects/page/284791-isthha-s-river-front-by-isthha-builders-india-private-limited-in-rajendra-nagar,P02500004982
https://housing.com/in/buy/projects/page/285799-ireddy-palladium-residency-by-ireddy-constructions-in-ramachandra-puram,P01100005107
https://housing.com/in/buy/projects/page/286580-inspire-four-square-block-a-by-inspire-infra-in-khanapur,P02400005206
https://housing.com/in/buy/projects/page/286175-ira-miracle-by-ira-realty-in-kollur,P01100002811
https://housing.com/in/buy/projects/page/286663-indis-myra-villas-by-indis-in-turkapally,P02200005214
https://housing.com/in/buy/projects/page/285845-iris-by-raghava-projects-in-serilingampally,P02400005078
https://housing.com/in/buy/projects/page/287422-ishta-heights-by-bikkumalla-santosh-kumar-in-lb-nagar,P02400005241
https://housing.com/in/buy/projects/page/287604-iconic-treasure-county-by-iconic-infra-group-in-yacharam,P02400004443
https://housing.com/in/buy/projects/page/134553-jai-sri-devi-homes-khyathi-by-jai-sri-devi-homes-in-chandanagar,P02400000169
https://housing.com/in/buy/projects/page/250851-jupally-gk-s-alam-villas-by-jupally-builders-and-devlopers-in-yapral,P02200001960
https://housing.com/in/buy/projects/page/240-janapriya-lake-front-by-janapriya-engineers-syndicate-in-kapra,P02200000371
https://housing.com/in/buy/projects/page/95465-jayabheri-trendset-jayabheri-elevate-by-jayabheri-group-in-kondapur,P02400000452
https://housing.com/in/buy/projects/page/171387-janalakshmi-satvaika-by-janalakshmi-infratech-in-bachupally,P02200000427
https://housing.com/in/buy/projects/page/199182-jsr-hyland-by-jsr-constructions-in-narsingi,P02400000532
https://housing.com/in/buy/projects/page/234494-jvs-heights-by-jvs-infra-developers-in-toopranpet,P02000001905
https://housing.com/in/buy/projects/page/199213-jaswitha-imperial-block-a-by-jaswitha-constructions-in-kondapur,P02400000540
https://housing.com/in/buy/projects/page/134362-jubilee-temple-tree-by-jubilee-infra-in-lb-nagar,P02400000106
https://housing.com/in/buy/projects/page/231723-jsr-suncity-capital-by-jsr-sun-city-in-krishna-reddy-pet,P02000001357
https://housing.com/in/buy/projects/page/252650-jains-balaji-nilayam-casa-waterside-by-jain-constructions-in-safilguda,P02200002329
https://housing.com/in/buy/projects/page/171376-jai-avenue-by-jai-bhavaani-constructions-in-malkajgiri,P02200000492
https://housing.com/in/buy/projects/page/144045-jai-santoshimata-vaasavi-brundavanam-ii-by-jai-santoshimata-realtors-in-nagole,P02200000113
https://housing.com/in/buy/projects/page/236-janapriya-nile-valley-by-janapriya-engineers-syndicate-in-miyapur,P01100003966
https://housing.com/in/buy/projects/page/227592-jsnr-sivika-nigam-by-jsnr-constructions-private-limited-in-kondapur,P02400001296
https://housing.com/in/buy/projects/page/227051-janapriya-lig-ews-f-block-by-janapriya-engineers-syndicate-in-yousufguda,P02200001230
https://housing.com/in/buy/projects/page/171612-jnr-ssr-residency-by-jnr-builders-in-kothapet,P02400000603
https://housing.com/in/buy/projects/page/198945-janagama-jp-apartments-by-janagama-prabhaker-in-kompally,P02200000264
https://housing.com/in/buy/projects/page/171633-jnr-eesha-residency-by-jnr-builders-in-karmanghat,P02400000596
https://housing.com/in/buy/projects/page/171309-jaswitha-imperial-block-b-by-jaswitha-constructions-in-kondapur,P02400000541
https://housing.com/in/buy/projects/page/227046-janapriya-sitara-b-by-janapriya-engineers-syndicate-in-yella-reddy-guda,P02200001229
https://housing.com/in/buy/projects/page/234818-jsr-mars-extensio-1-by-jsr-sun-city-in-yadagirigutta,P02000001694
https://housing.com/in/buy/projects/page/251168-janani-pride-by-janani-infra-hayathnagar-in-auto-nagar,P02400001522
https://housing.com/in/buy/projects/page/134803-jalsa-regency-by-jalsa-developers-in-shamshabad,P02400000205
https://housing.com/in/buy/projects/page/199028-jvr-haritha-residency-by-jvr-constructions-in-hastinapuram,P02400000154
https://housing.com/in/buy/projects/page/198305-jaagruthi-lotus-greens-by-jaagruthi-group-in-cheryaal,P01100000762
https://housing.com/in/buy/projects/page/144030-jubilee-laxmi-nivas-by-jubilee-infra-in-mansoorabad,P02400000062
https://housing.com/in/buy/projects/page/171370-j-v-s-sri-gokulam-by-j-v-s-infra-developers-in-sreenagar,P02400000377
https://housing.com/in/buy/projects/page/171311-jnr-mamatha-residency-by-jnr-builders-in-karmanghat,P02400000599
https://housing.com/in/buy/projects/page/171393-jnr-gvr-residency-by-jnr-builders-in-nizampet,P02400000613
https://housing.com/in/buy/projects/page/201777-jayadev-sahasra-by-jayadev-and-others-in-kompally,P02200000564
https://housing.com/in/buy/projects/page/182858-jnr-venkata-sai-residency-by-jnr-builders-in-karmanghat,P02400000652
https://housing.com/in/buy/projects/page/198337-jnr-revathi-residency-by-jnr-builders-in-kukatpally,P02400000719
https://housing.com/in/buy/projects/page/201877-jnr-r-k-r-residency-by-jnr-builders-in-hastinapuram,P02400000916
https://housing.com/in/buy/projects/page/201830-jayashekara-angaraka-nilayam-by-jayashekara-infradevelopers-in-adibatla,P02400000888
https://housing.com/in/buy/projects/page/202647-jai-santoshimata-vasavi-pride-by-jai-santoshimata-realtors-in-sayeedabad,P02500001102
https://housing.com/in/buy/projects/page/231246-jnr-om-shri-jrc-residency-by-jnr-builders-in-mahbubnagar,P01400001482
https://housing.com/in/buy/projects/page/231562-juluri-suryanarayana-murthy-brindavan-gardens-by-juluri-suryanarayana-murthy-in-balanagar,P01400000744
https://housing.com/in/buy/projects/page/231996-jewel-pride-by-jewel-infra-in-hakimpet,P02200001693
https://housing.com/in/buy/projects/page/233278-jaagruthi-mani-heights-by-jaagruthi-housing-and-infra-pvt-ltd-in-bachupally,P02200001784
https://housing.com/in/buy/projects/page/234820-jsr-mars-extensio-by-jsr-sun-city-in-marrigudem,P02000001695
https://housing.com/in/buy/projects/page/236568-janapriya-arcadia-by-janapriya-engineers-syndicate-in-kowkur,P02500001968
https://housing.com/in/buy/projects/page/250788-jagsons-pride-by-jagsons-projects-in-suraram,P02200001915
https://housing.com/in/buy/projects/page/250792-jnr-sai-sadhan-residency-by-jnr-builders-in-karmanghat,P02400001764
https://housing.com/in/buy/projects/page/250907-jms-chaitanya-by-jms-constructions-in-miyapur,P02400001349
https://housing.com/in/buy/projects/page/250971-jnr-mr-residency-by-jnr-builders-in-saroornagar,P02400001607
https://housing.com/in/buy/projects/page/251129-jp-panchavati-by-jp-developers-hyderabad-in-rajendra-nagar,P02400001495
https://housing.com/in/buy/projects/page/250998-jnr-shree-nilayam-by-jnr-builders-in-saroornagar,P02400001761
https://housing.com/in/buy/projects/page/251255-j-m-maithri-heights-by-j-m-infra-and-projects-in-bapu-nagar,P02400001532
https://housing.com/in/buy/projects/page/251292-jaswitha-luxor-by-jaswitha-constructions-in-kokapet,P02400001886
https://housing.com/in/buy/projects/page/251281-jaya-sai-sreshta-excellencia-by-jaya-sai-construction-in-saroornagar,P02400001696
https://housing.com/in/buy/projects/page/251334-jnr-srinivasa-residency-by-jnr-builders-in-karmanghat,P02400001565
https://housing.com/in/buy/projects/page/251351-jb-serene-resort-1-by-jb-builders-and-developers-in-madgul,P02400001946
https://housing.com/in/buy/projects/page/252481-js-apartment-by-gyagori-shyam-in-medchal,P02200002193
https://housing.com/in/buy/projects/page/252719-jubilee-platina-by-jubilee-infra-in-lb-nagar,P02400002314
https://housing.com/in/buy/projects/page/252840-javs-sangam-residncy-by-javs-infraheights-and-developers-private-limited-in-jeedimetla,P02200002351
https://housing.com/in/buy/projects/page/254568-jnr-swarna-residency-by-jnr-builders-in-karmanghat,P02400002521
https://housing.com/in/buy/projects/page/254032-jhansi-daksha-elegance-by-jhansi-groups-in-bandlaguda-jagir,P02400002428
https://housing.com/in/buy/projects/page/254569-jnr-vijaya-residency-by-jnr-builders-in-karmanghat,P02400002517
https://housing.com/in/buy/projects/page/256013-jubilee-gokulam-by-chintakuntla-shyam-kiran-in-uppal,P02200002679
https://housing.com/in/buy/projects/page/264116-jaagruthis-green-fields-by-jaagruthi-group-in-patancheru,P01100002767
https://housing.com/in/buy/projects/page/264269-jai-vaasavi-darshan-heights-by-jai-santoshi-mata-realtors-in-sayeedabad,P02500003214
https://housing.com/in/buy/projects/page/264251-jnr-aravind-vistas-by-jnr-builders-in-vanasthalipuram,P02400002572
https://housing.com/in/buy/projects/page/264275-jayadheera-jm-luxminarayana-nilyam-by-jayadheera-constructions-in-malkajgiri,P02500002771
https://housing.com/in/buy/projects/page/264276-jnr-sai-lakshmi-elite-by-jnr-builders-in-balapur,P02400003160
https://housing.com/in/buy/projects/page/264272-jnr-dream-square-by-jnr-builders-in-balapur,P02400003158
https://housing.com/in/buy/projects/page/264353-jnr-a-s-r-vistas-by-jnr-builders-in-balapur,P02400003154
https://housing.com/in/buy/projects/page/264803-jaya-maha-lakshmi-nagar-by-jaya-group-in-sadasivpet,P01100002889
https://housing.com/in/buy/projects/page/264882-jvr-elite-by-tanneru-vijay-in-karmanghat,P02400002890
https://housing.com/in/buy/projects/page/264471-jnr-tharaka-nivas-by-jnr-builders-in-saroornagar,P02400003202
https://housing.com/in/buy/projects/page/264927-jnr-sri-lakshmi-nilayam-by-jnr-builders-in-saroornagar,P02400002686
https://housing.com/in/buy/projects/page/264959-j-l-sathguru-amogha-western-heights-by-j-l-sathguru-developers-and-constructions-in-adibhatla,P02400003100
https://housing.com/in/buy/projects/page/264976-janapriya-unnati-tower-ii-by-janapriya-engineers-syndicate-in-isnapur,P01100003062
https://housing.com/in/buy/projects/page/265008-janapriya-unnati-by-janapriya-engineers-syndicate-in-isnapur,P01100003067
https://housing.com/in/buy/projects/page/265089-janapriya-unnati-by-janapriya-engineers-syndicate-in-isnapur,P01100003044
https://housing.com/in/buy/projects/page/264990-j-p-s-east-west-residency-by-east-west-developers-in-kompally,P02200002975
https://housing.com/in/buy/projects/page/267631-jsvr-projects-by-jsvr-projects-llp-in-nizampet,P02200003476
https://housing.com/in/buy/projects/page/269547-jewels-apartments-by-jewels-developers-in-ghatkesar,P02200003542
https://housing.com/in/buy/projects/page/269447-jayabharathi-s-nivasa-by-jaya-bharathi-construction-pvt-ltd-in-kukatpally,P02500003603
https://housing.com/in/buy/projects/page/269548-jayabheri-the-nirvana-by-jayabheri-group-in-gachibowli,P02400003566
https://housing.com/in/buy/projects/page/269539-jaya-platinum-by-jaya-group-in-dundigal,P02200003688
https://housing.com/in/buy/projects/page/269521-jnr-nivaas-by-jnr-builders-in-aminpur,P01100003614
https://housing.com/in/buy/projects/page/269579-jd-aspirealty-amogh-by-jd-infra-projects-in-maheshwaram,P02400003693
https://housing.com/in/buy/projects/page/270835-jayakrishna-jk-sky-by-jayakrishna-builders-in-kushal-nagar,P01300003894
https://housing.com/in/buy/projects/page/270576-jsr-suncity-opal-by-jsr-sun-city-in-kolanupaka,P02000002905
https://housing.com/in/buy/projects/page/269633-jain-amolak-amare-by-jain-amolak-infra-llp-in-qutub-shahi-tombs,P02500003761
https://housing.com/in/buy/projects/page/274624-jalsa-residency-by-jalsa-residency-in-shamshabad,P02400004282
https://housing.com/in/buy/projects/page/271685-jeevan-residency-by-nomula-sudhakar-reddy-in-neeladri-nagar,P02400004053
https://housing.com/in/buy/projects/page/270870-jr-shubham-infra-by-doodipalla-jana-reddy-in-yacharam,P02400003810
https://housing.com/in/buy/projects/page/270928-js-sri-chowdeswaris-shiva-sai-homes-by-js-constructions-builders-and-developers-in-balapur,P02400003874
https://housing.com/in/buy/projects/page/273285-jk-dhanwin-towers-by-jk-infra-projects-in-bowrampet,P02200005853
https://housing.com/in/buy/projects/page/282361-joyous-meadows-by-munipalle-jayalakshmi-in-kothapet,P02400004601
https://housing.com/in/buy/projects/page/282250-janapriya-nile-valley-project-block-5-by-janapriya-engineers-syndicate-in-aminpur,P01100003967
https://housing.com/in/buy/projects/page/282452-jnr-tirumala-nivas-by-jnr-builders-in-hayathnagar,P02400004272
https://housing.com/in/buy/projects/page/282516-j-v-r-r-grand-tulip-apartments-by-j-v-infra-projects-in-saroornagar,P02400004250
https://housing.com/in/buy/projects/page/282560-jnr-vamshi-elina-by-jnr-builders-in-hayathnagar,P02400004311
https://housing.com/in/buy/projects/page/282532-jpl-snehasadan-by-jpl-constructions-in-himayath-nagar,P02400004273
https://housing.com/in/buy/projects/page/282256-janapriya-nile-valley-project-block-2b-by-janapriya-engineers-syndicate-in-aminpur,P01100003970
https://housing.com/in/buy/projects/page/282575-jbn-sree-balaji-county-ii-by-jbn-infra-developers-in-maheshwaram,P02400004648
https://housing.com/in/buy/projects/page/282580-jain-bhagyadeep-residency-by-jain-projects-hyderabad-in-amberpet,P02500004365
https://housing.com/in/buy/projects/page/282857-jaya-grand-county-by-jaya-skandha-realty-developers-llp-in-keshampet,P02400004170
https://housing.com/in/buy/projects/page/283381-jk-platinum-heights-by-jk-infra-projects-in-isnapur,P01100004877
https://housing.com/in/buy/projects/page/283346-jai-sai-ram-neeraja-prabhaker-nivas-by-jai-sai-ram-constructions-in-kaiser-nagar,P02200004652
https://housing.com/in/buy/projects/page/282566-jayas-diamond-by-jaya-group-in-nizampet,P02200004769
https://housing.com/in/buy/projects/page/283466-jayadheera-sri-sai-kumar-jayadheera-by-jayadheera-constructions-in-lb-nagar,P02400004855
https://housing.com/in/buy/projects/page/283513-jbn-sree-balaji-county-by-jbn-infra-developers-in-mansanpally,P02400004066
https://housing.com/in/buy/projects/page/282664-jb-galaxy-fountain-park-by-jb-galaxy-projects-in-chandanagar,P02400004441
https://housing.com/in/buy/projects/page/285800-jai-lakshmi-enterprises-by-vaddi-subba-rao-in-malkajgiri,P02200005094
https://housing.com/in/buy/projects/page/285825-jvr-sunshine-by-tanneru-vijay-in-pedda-amberpet,P02400005152
https://housing.com/in/buy/projects/page/286245-jayabheri-project-no-22-by-jayabheri-group-in-gopanapalli,P02400005088
https://housing.com/in/buy/projects/page/287523-jjr-orchard-by-jjr-infra-developers-in-kadthal,P02400005230
https://housing.com/in/buy/projects/page/46278-krupa-cascade-greens-by-krupa-group-in-jeedimetla,P02200000341
https://housing.com/in/buy/projects/page/104024-kt-towers-by-kt-builders-and-developers-in-ramachandra-puram,P02400001038
https://housing.com/in/buy/projects/page/51880-kamala-amulya-heights-by-kamala-builders-developers-in-cherlapalli,P02200001393
https://housing.com/in/buy/projects/page/172-keerthi-richmond-villas-by-keerthi-estates-in-bandlaguda-jagir,P02400000701
https://housing.com/in/buy/projects/page/125994-ksr-2getherments-by-2-getherments-infra-pvt-ltd-in-hafeezpet,P02400000101
https://housing.com/in/buy/projects/page/47402-kavuri-forest-nest-by-kavuri-hills-developers-in-maheshwaram,P02400000545
https://housing.com/in/buy/projects/page/201340-kranti-group-park-royal-by-kranti-group-in-sainikpuri,P02200000868
https://housing.com/in/buy/projects/page/228325-k-k-rao-elite-residency-by-k-k-rao-engineering-works-pvt-ltd-in-habsiguda,P02500001335
https://housing.com/in/buy/projects/page/227138-kolors-aparna-krushi-nest-by-kolors-aparna-builders-and-developers-in-budvel,P02400001265
https://housing.com/in/buy/projects/page/199214-kalyan-platinum-valley-by-kalyan-infra-projects-in-gandipet,P02400000524
https://housing.com/in/buy/projects/page/198394-krishna-grandeour-by-krishna-homes-khanamet-in-nallagandla,P02400000717
https://housing.com/in/buy/projects/page/199189-kinetic-infra-by-kinetic-infra-in-serilingampally,P02400000445
https://housing.com/in/buy/projects/page/198954-kausalya-kapil-kausalya-apartment-block-2-by-kausalya-agro-farms-and-developers-private-limited-in-sangareddy,P01100000287
https://housing.com/in/buy/projects/page/231107-koven-surya-emerald-by-creative-koven-constructions-in-sainikpuri,P02200001584
https://housing.com/in/buy/projects/page/171234-kohinoor-residency-by-kohinoor-infra-in-aminpur,P02500000561
https://housing.com/in/buy/projects/page/198224-kakatiya-ranga-sai-enclave-by-kakatiya-constructions-in-hafeezpet,P02500000786
https://housing.com/in/buy/projects/page/201845-kohinoor-geethasreeheights-by-kohinoor-infra-in-hafeezpet,P02400000894
https://housing.com/in/buy/projects/page/201650-keystone-dsr-azuri-by-keystone-projects-in-aminpur,P01100000987
https://housing.com/in/buy/projects/page/233840-karni-tamara-by-karni-estates-india-pvt-ltd-in-upparpally,P02400000353
https://housing.com/in/buy/projects/page/202615-kalyan-devi-kalyan-towers-block-b-by-kalyan-constructions-in-yapral,P02200001106
https://housing.com/in/buy/projects/page/198375-krishna-abode-by-krishna-prasad-boppana-in-miyapur,P02400000730
https://housing.com/in/buy/projects/page/25301-koncept-botanika-by-koncept-ambience-in-gachibowli,P02400001081
https://housing.com/in/buy/projects/page/171293-kushal-sai-builders-and-developers-2-by-kushal-sai-builders-and-developers-in-saroornagar,P02400000558
https://housing.com/in/buy/projects/page/104506-k-raheja-vistas-tower-d-to-f-by-k-raheja-corp-in-nacharam,P02200000021
https://housing.com/in/buy/projects/page/171571-koven-surya-crystal-by-creative-koven-constructions-in-habsiguda,P02500000472
https://housing.com/in/buy/projects/page/133204-k-rajeshwar-skv-s-ananda-vilas-by-k-rajeshwar-in-west-marredpally,P02500000001
https://housing.com/in/buy/projects/page/198295-kundhan-county-by-rathnamma-infratech-pvt-ltd-in-chitkul,P01100000394
https://housing.com/in/buy/projects/page/201707-kakatiya-green-diamond-county-by-kakatiya-green-avenues-llp-in-rampally,P02200000517
https://housing.com/in/buy/projects/page/201850-kinetic-celestia-b-by-kinetic-infra-in-serilingampally,P02400000781
https://housing.com/in/buy/projects/page/226034-krushi-gardenia-by-krushi-infra-projects-in-nagole,P02200001144
https://housing.com/in/buy/projects/page/231373-kamakshi-smart-city-by-kamakshi-hyderabad-in-mahbubnagar,P01400001538
https://housing.com/in/buy/projects/page/232013-kankula-sri-achyuta-grand-by-kankula-infra-structures-and-developers-ll-in-gowdavalli,P02200001729
https://housing.com/in/buy/projects/page/233318-koven-surya-laxmi-nilayam-by-creative-koven-constructions-in-kavadiguda,P02500001795
https://housing.com/in/buy/projects/page/236539-ksr-kaveri-by-ksr-homes-in-aminpur,P01100001970
https://housing.com/in/buy/projects/page/182228-khyathi-khayathi-kavayanidhi-by-khyathi-housing-projects-private-limited-in-kondapur,P02400000670
https://housing.com/in/buy/projects/page/171587-korrapati-mahithas-spoorthi-home-by-korrapati-subash-babu-in-miyapur,P02500000495
https://housing.com/in/buy/projects/page/198389-khyathi-nivas-by-khyathi-housing-projects-private-limited-in-kondapur,P02400000724
https://housing.com/in/buy/projects/page/198352-kakatiya-mango-leaf-ext-by-kakatiya-infra-projects-private-limited-in-ramachandra-puram,P01100000663
https://housing.com/in/buy/projects/page/201958-kushal-sai-builders-and-developers-1-by-kushal-sai-builders-and-developers-in-vanasthalipuram,P02400000855
https://housing.com/in/buy/projects/page/171595-kakatiya-bommakanti-pride-by-kakatiya-constructions-in-serilingampally,P02500000638
https://housing.com/in/buy/projects/page/198351-kakatiya-mango-leaf-by-kakatiya-infra-projects-private-limited-in-ramachandra-puram,P01100000703
https://housing.com/in/buy/projects/page/60444-keerthi-garudadri-residency-by-keerthi-construction-in-chandanagar,P01100001114
https://housing.com/in/buy/projects/page/201784-kpr-sri-sai-pvr-arcade-by-kpr-constructions-in-hmt-officers-colony,P02200000571
https://housing.com/in/buy/projects/page/134813-kondam-sridhar-reddy-ksrsnr-heights-by-kondam-sridhar-reddy-in-quthbullapur,P02200000312
https://housing.com/in/buy/projects/page/171435-karthikeya-rainbow-homes-by-karthikeya-constructions-in-miyapur,P02400000565
https://housing.com/in/buy/projects/page/144050-ketrish-land-mark-by-ketrish-developer-in-auto-nagar,P02200000084
https://housing.com/in/buy/projects/page/171643-kajavikram-kpr-and-rks-abodes-by-kajavikram-in-nallagandla,P02500000650
https://housing.com/in/buy/projects/page/171628-kohinoor-rainbow-residency-by-kohinoor-infra-in-kondapur,P02400000657
https://housing.com/in/buy/projects/page/182191-khyathi-nilayam-by-khyathi-housing-projects-private-limited-in-raghavendra-colony,P02400000667
https://housing.com/in/buy/projects/page/198317-karthik-maha-nandi-residency-by-karthik-constructions-in-beeramguda,P01100000624
https://housing.com/in/buy/projects/page/198392-krishna-krishnas-splendour-by-krishna-homes-khanamet-in-nallagandla,P02400000715
https://housing.com/in/buy/projects/page/201832-kpc-happy-okas-by-kpc-constructions-in-chandanagar,P02400001004
https://housing.com/in/buy/projects/page/198490-kaushiki-kowsalya-enclave-by-kaushiki-projects-in-bachupally,P02200000752
https://housing.com/in/buy/projects/page/201766-ksr-rams-abode-west-by-ksr-projects-in-kompally,P02200000716
https://housing.com/in/buy/projects/page/201724-karthikeya-vigneshwara-nilayam-by-karthikeya-constructions-in-nagulapalli,P02500000874
https://housing.com/in/buy/projects/page/201962-ksr-rams-abode-east-by-ksr-projects-in-kompally,P02200000997
https://housing.com/in/buy/projects/page/227602-kohinoor-true-fortune-signature-by-kohinoor-tajheights-llp-in-sadashivpet,P01100001310
https://housing.com/in/buy/projects/page/228326-komerelly-kondal-reddy-chakravartua-enclave-by-komerelly-kondal-reddy-in-puppalaguda,P02400001352
https://housing.com/in/buy/projects/page/228841-kalpana-sahoo-by-sahoo-kalpana-in-old-bowenpally,P02500001452
https://housing.com/in/buy/projects/page/229908-korrapati-mounika-mahithas-green-home-by-korrapati-mounika-in-quthbullapur,P02200001467
https://housing.com/in/buy/projects/page/231483-knb-sonabhan-mohan-block-b-by-knb-constructions-in-jeedimetla,P02200001627
https://housing.com/in/buy/projects/page/231457-knb-sonabhan-mohan-block-c-by-knb-constructions-in-jeedimetla,P02200001630
https://housing.com/in/buy/projects/page/229924-kudapa-sairam-kudapa-by-kudapa-sairam-in-sainikpuri,P02200001481
https://housing.com/in/buy/projects/page/231492-knb-sonabhan-mohan-block-a-by-knb-constructions-in-jeedimetla,P02200001628
https://housing.com/in/buy/projects/page/232102-kanakadurga-ragidi-green-city-by-kanakadurga-avenues-private-limited-in-raghunathapally,P00600001302
https://housing.com/in/buy/projects/page/233259-koven-surya-elite-by-creative-koven-constructions-in-kothaguda,P02500001776
https://housing.com/in/buy/projects/page/231486-kakatiya-majestic-by-kakatiya-infra-projects-in-nagaram,P02200001618
https://housing.com/in/buy/projects/page/250899-kamakshi-naydhy-arcade-by-kamakshi-constructions-hyderabad-in-quthbullapur,P02200002094
https://housing.com/in/buy/projects/page/250987-kinetic-nirvana-by-kinetic-infra-in-kondapur,P02400001740
https://housing.com/in/buy/projects/page/251033-kt-residency-by-kapil-homes-in-peeramcheru,P02400001598
https://housing.com/in/buy/projects/page/251085-krishna-ganapati-residency-by-krishna-chaitanya-in-serilingampally,P02400001981
https://housing.com/in/buy/projects/page/252496-kamadhenu-indraprastha-by-kamadhenu-real-estates-in-medchal,P02200002144
https://housing.com/in/buy/projects/page/252451-krushi-madhava-nest-by-krushi-infra-projects-india-pvtltd-in-patancheru,P01100002265
https://housing.com/in/buy/projects/page/252517-kutheer-by-kutheer-infraa-in-uppal,P02200002278
https://housing.com/in/buy/projects/page/252535-kalayika-infra-by-kalayika-infra-private-limited-in-bolarum,P02200002298
https://housing.com/in/buy/projects/page/252610-kalpana-ganesh-enclave-by-kalpana-constructions-in-yadagirigutta,P02500002190
https://housing.com/in/buy/projects/page/252521-kotech-signature-by-kotech-projects-in-mallampet,P02200002222
https://housing.com/in/buy/projects/page/252614-kaushiki-kowsalya-elite-by-kaushiki-projects-in-kondapur,P02400002263
https://housing.com/in/buy/projects/page/252735-karthik-sri-manjunatha-residency-by-karthik-constructions-in-aminpur,P01100002343
https://housing.com/in/buy/projects/page/254070-kohinoor-indi-gold-2-ext-b-by-kohinoor-tajgold-llp-in-shadnagar,P02400002481
https://housing.com/in/buy/projects/page/253485-keshava-krishna-k-k-heavens-by-keshava-krishna-constructions-in-balapur,P02400002375
https://housing.com/in/buy/projects/page/253488-kusampudi-kbc-homes-by-kusampudi-builders-and-developers-in-bachupally,P02200002397
https://housing.com/in/buy/projects/page/254028-kainkarya-siri-by-dayakar-reddy-yadla-in-nawab-saheb-kunta,P02400002435
https://housing.com/in/buy/projects/page/253499-kvss-srinivasa-nilayam-by-kvss-constructions-and-developers-pvt-ltd-in-medchal,P02200002405
https://housing.com/in/buy/projects/page/256303-ksr-akshitha-marvel-by-ksr-projects-in-uppal,P02200002681
https://housing.com/in/buy/projects/page/254048-kashish-avenues-by-virendra-tiwari-in-koti,P02500002425
https://housing.com/in/buy/projects/page/255248-kalpataru-avante-by-kalpataru-group-in-sanath-nagar,P02500002612
https://housing.com/in/buy/projects/page/264204-karthikeya-residency-by-madithati-subba-reddy-in-saroornagar,P02400002873
https://housing.com/in/buy/projects/page/264252-khyathi-vaibhav-by-khyathi-housing-projects-private-limited-in-aminpur,P01100003021
https://housing.com/in/buy/projects/page/264273-koven-surya-ratna-residency-by-creative-koven-constructions-in-habsiguda,P02200002740
https://housing.com/in/buy/projects/page/264278-koven-surya-emcee-arcade-by-creative-koven-constructions-in-chilakalguda,P02500002748
https://housing.com/in/buy/projects/page/264349-k-k-venkata-saraswathi-heights-by-k-k-constructions-in-medchal,P02200003274
https://housing.com/in/buy/projects/page/264258-ksr-homes-park-view-by-ksr-homes-in-pragathi-nagar,P02200002935
https://housing.com/in/buy/projects/page/264490-ksr-siri-marvel-by-ksr-projects-in-saroornagar,P02400002513
https://housing.com/in/buy/projects/page/264473-kbns-sri-vishnu-datta-residency-by-kanukula-ravinder-reddy-in-malakpet,P02500003306
https://housing.com/in/buy/projects/page/264425-k-k-sree-ayyappa-colony-by-k-k-developers-hyderabad-in-peddayapalle,P02000002941
https://housing.com/in/buy/projects/page/264518-k-raheja-vistas-elite-tower-g-by-k-raheja-corp-in-uppal,P02200003151
https://housing.com/in/buy/projects/page/264930-kjs-nightingale-by-kjs-investments-and-financial-services-pvt-ltd-in-shamshabad,P02400002879
https://housing.com/in/buy/projects/page/264859-kvr-ashraya-awas-by-ashraya-associates-in-saroornagar,P02400003207
https://housing.com/in/buy/projects/page/264946-k-raheja-vistas-elite-tower-h-by-k-raheja-corp-in-nacharam,P02200003083
https://housing.com/in/buy/projects/page/264809-kalpavriksha-by-goldenkey-ventures-pvt-ltd-in-bahadurpally,P02200003098
https://housing.com/in/buy/projects/page/264968-kalyan-residency-by-pappu-kalyana-sundaram-in-mazidpur,P02400003170
https://housing.com/in/buy/projects/page/264958-k-v-n-mayuri-homes-block-a-by-k-v-n-constructions-in-nagaram,P02200003236
https://housing.com/in/buy/projects/page/264964-k-v-k-jasmine-by-k-v-k-projects-in-malkajgiri,P02400003237
https://housing.com/in/buy/projects/page/264996-kk-rohini-meadows-by-kk-infra-in-yapral,P02200004034
https://housing.com/in/buy/projects/page/264973-k-v-n-mayuri-homes-block-c-by-k-v-n-constructions-in-nagaram,P02200003241
https://housing.com/in/buy/projects/page/264972-k-v-n-mayuri-homes-block-b-by-k-v-n-constructions-in-nagaram,P02200003239
https://housing.com/in/buy/projects/page/265020-krushi-white-fields-by-krushi-buildtech-in-kompally,P02200003273
https://housing.com/in/buy/projects/page/265033-kb-meadows-by-vure-srihari-and-others-in-yacharam,P02400003131
https://housing.com/in/buy/projects/page/265036-kalasha-sree-dhrisha-homes-by-kalasha-realtors-llp-in-miyapur,P02400003046
https://housing.com/in/buy/projects/page/265278-kvg-mythrivanam-by-kvg-townships-private-limited-in-malkapur,P01100003402
https://housing.com/in/buy/projects/page/265348-kinetic-signature-park-by-kinetic-estates-in-bibinagar,P02000003451
https://housing.com/in/buy/projects/page/265149-k-raheja-vistas-elite-tower-i-by-k-raheja-corp-in-uppal,P02200003087
https://housing.com/in/buy/projects/page/265083-ksr-greens-by-ksr-homes-in-madeenaguda,P02400002976
https://housing.com/in/buy/projects/page/265600-ksn-sreevaari-pride-by-ksn-infra-in-kompally,P02200003487
https://housing.com/in/buy/projects/page/266144-kaizen-srihari-kishore-homes-by-kaizen-homes-pvt-ltd-in-miyapur,P02400003518
https://housing.com/in/buy/projects/page/269444-key-s-newland-apartments-by-key-constructions-in-bandlaguda-jagir,P02500003687
https://housing.com/in/buy/projects/page/269468-kaushiki-enrich-by-kaushiki-projects-in-mallampet,P02200003551
https://housing.com/in/buy/projects/page/269459-ksr-signature-4-by-ksr-homes-india-private-limited-in-tellapur,P01100003703
https://housing.com/in/buy/projects/page/268619-kt-heights-by-kt-builders-and-developers-in-gachibowli,P02400003710
https://housing.com/in/buy/projects/page/269617-krivi-aadhya-by-krivi-construction-and-developers-private-limited-in-kompally,P02200003765
https://housing.com/in/buy/projects/page/269731-keesara-county-by-ragi-madan-mohan-reddy-in-bogaram,P02200003743
https://housing.com/in/buy/projects/page/269647-k-p-shobha-classic-by-k-p-constructions-hyderabad-in-kondapur,P02400003771
https://housing.com/in/buy/projects/page/269470-ksr-homes-manjira-by-ksr-homes-in-aminpur,P01100003700
https://housing.com/in/buy/projects/page/270628-karuna-sri-homes-by-pothamshetty-venkatesh-in-bhuvanagiri,P02000003446
https://housing.com/in/buy/projects/page/270895-keshavs-thirumala-residency-by-thirumala-constructions-developers-in-boduppal,P02200003847
https://housing.com/in/buy/projects/page/270891-kakatiya-elite-i-by-kakatiya-constructions-in-nallagandla,P02500003883
https://housing.com/in/buy/projects/page/270899-k-k-r-telukuntla-homes-by-k-k-r-constructions-in-hayathnagar,P02400003850
https://housing.com/in/buy/projects/page/270905-kpr-vaibhav-arcade-by-kpr-constructions-in-aminpur,P02400003910
https://housing.com/in/buy/projects/page/270941-kamala-amulya-greenlands-by-kamala-builders-developers-in-mankhal,P02400003835
https://housing.com/in/buy/projects/page/270945-kamala-amulya-greenlands-villa-by-kamala-builders-developers-in-mankhal,P02400003835
https://housing.com/in/buy/projects/page/271139-kaarthik-homes-by-kaarthik-homes-in-yacharam,P02400003928
https://housing.com/in/buy/projects/page/264996-kk-rohini-meadows-by-kk-infra-in-yapral,P02200004034
https://housing.com/in/buy/projects/page/272616-k-lavanya-sai-venkateswara-phase-ii-by-k-lavanya-and-others-in-mansanpally,P01100003988
https://housing.com/in/buy/projects/page/271720-ksp-avenues-jubiliant-by-ksp-avenues-in-quthbullapur,P02200003995
https://housing.com/in/buy/projects/page/273162-krishnavi-by-b-venugopal-and-others-in-ghatkesar,P02200004108
https://housing.com/in/buy/projects/page/273318-kakatiya-elite-ii-by-kakatiya-constructions-in-gachibowli,P02500004116
https://housing.com/in/buy/projects/page/274379-krishnateja-aishwarya-icon-by-krishnateja-constructions-in-muthangi,P01100004079
https://housing.com/in/buy/projects/page/274467-kramesh-and-kkrupakarreddy-by-k-ramesh-patel-in-aushapur,P02200004192
https://housing.com/in/buy/projects/page/274834-k-v-k-tulip-by-k-v-k-projects-in-malkajgiri,P02400004321
https://housing.com/in/buy/projects/page/278927-kinetic-palazzo-by-kinetic-homes-hyderabad-in-nallagandla,P02500004198
https://housing.com/in/buy/projects/page/275731-karthikeya-sri-sangameshwara-residency-by-karthikeya-infra-in-sangareddy,P01100004393
https://housing.com/in/buy/projects/page/282285-kailaspura-township-by-patnyam-charann-in-narayankhed,P01100004609
https://housing.com/in/buy/projects/page/282265-krishna-mahalaxmi-nilayam-by-mahalaxmi-constructions-in-east-marredpally,P02500004481
https://housing.com/in/buy/projects/page/282316-krk-pride-by-krk-constructions-in-serilingampally,P02400004679
https://housing.com/in/buy/projects/page/282403-kvss-s-sheshadri-residency-by-kvss-constructions-and-developers-pvt-ltd-in-medchal,P02200004284
https://housing.com/in/buy/projects/page/282267-kakatiya-golden-meadows-by-kakatiya-infra-projects-in-patancheru,P01100004168
https://housing.com/in/buy/projects/page/282466-krishna-urban-by-krishna-prasad-boppana-in-aminpur,P02400004319
https://housing.com/in/buy/projects/page/282614-kylasa-bayaneni-residency-by-kylasa-constructions-in-himayath-nagar,P02500004822
https://housing.com/in/buy/projects/page/282762-keerthi-riverside-by-keerthi-constructions-in-darga-khaliz-khan,P02400004765
https://housing.com/in/buy/projects/page/283923-kvr-happy-nest-by-kvr-infra-developers-in-muthangi,P01100004963
https://housing.com/in/buy/projects/page/282828-koncept-ambience-park-view-by-koncept-ambience-in-gachibowli,P02400004412
https://housing.com/in/buy/projects/page/282863-krs-splendour-by-putreddy-kiran-in-serilingampally,P02400004545
https://housing.com/in/buy/projects/page/284736-kamaths-samriddhi-by-sunil-s-kamath-in-bowenpally,P02200005035
https://housing.com/in/buy/projects/page/284723-ksr-bliss-by-ksr-homes-in-pragathi-nagar,P02200005005
https://housing.com/in/buy/projects/page/285806-kalpana-homes-by-kalpana-sahoo-in-suraram,P01100005140
https://housing.com/in/buy/projects/page/284804-kiara-by-pranathi-construction-in-tellapur,P01100005770
https://housing.com/in/buy/projects/page/285862-kb-meadows-by-laxmi-reddy-kavadapu-in-yacharam,P02400005151
https://housing.com/in/buy/projects/page/285846-ksr-the-pearl-apartments-by-ksr-homes-in-miyapur,P02400005118
https://housing.com/in/buy/projects/page/201935-legacy-golden-gate-phase-2-by-legacy-avenues-private-limited-in-bhuvanagiri,P02400000990
https://housing.com/in/buy/projects/page/236529-lansum-eden-gardens-by-lansum-etania-developers-llp-in-kondapur,P02400001908
https://housing.com/in/buy/projects/page/134424-lakshmi-s-harmony-by-lakshmi-infratech-india-ltd-in-miyapur,P02400000130
https://housing.com/in/buy/projects/page/115156-lake-view-park-by-kkr-and-silpa-group-in-sangareddy,P01100000739
https://housing.com/in/buy/projects/page/238415-lakshmi-cadillac-by-lakshmi-infratech-india-ltd-in-kondapur,P02400001645
https://housing.com/in/buy/projects/page/227105-lg-suchitra-classic-by-laxmi-ganpathi-constructions-in-quthbullapur,P02200001267
https://housing.com/in/buy/projects/page/252459-lahari-aavaasa-by-lahari-infrastructure-ltd-in-bhanur,P01100002230
https://housing.com/in/buy/projects/page/226524-l-s-avighna-by-l-s-ventures-in-kompally,P02200001199
https://housing.com/in/buy/projects/page/226544-ludhani-krishna-elegance-by-ludhani-estates-pvt-ltd-in-somajiguda,P02500001196
https://housing.com/in/buy/projects/page/201889-league-finanza-by-league-constructons-in-gopanapalli,P02400000656
https://housing.com/in/buy/projects/page/199188-legacy-legend-golden-gate-by-legacy-avenues-private-limited-in-shadnagar,P02400000275
https://housing.com/in/buy/projects/page/201789-lalita-avani-gardens-by-lalita-construction-in-kompally,P02200000831
https://housing.com/in/buy/projects/page/99461-legend-dukes-legend-stellar-by-legend-estates-pvt-ltd-in-narayanguda,P02500000231
https://housing.com/in/buy/projects/page/201856-lotus-projects-by-lotus-projects-in-kokapet,P02400000774
https://housing.com/in/buy/projects/page/134366-lansum-sarva-vijaya-by-lansum-etania-developers-llp-in-kondapur,P02400000024
https://housing.com/in/buy/projects/page/251201-lasya-psr-residency-by-lasya-properties-in-neknampur,P02400002004
https://housing.com/in/buy/projects/page/199185-landindia-anjali-hills-by-land-india-developers-in-manikonda,P02400000358
https://housing.com/in/buy/projects/page/199190-live-in-exotica-by-live-in-infracon-in-saroornagar,P02400000510
https://housing.com/in/buy/projects/page/229987-lohita-residency-by-lohita-constructions-in-nizampet,P02500001485
https://housing.com/in/buy/projects/page/134353-lansum-kumuda-by-lansum-etania-developers-llp-in-tarnaka,P02200000055
https://housing.com/in/buy/projects/page/134779-lahari-peram-akshita-by-lahari-infrastructure-ltd-in-bhanur,P02400000186
https://housing.com/in/buy/projects/page/134385-lansum-lakshmi-nilayam-by-lansum-etania-developers-llp-in-sanath-nagar,P02400000046
https://housing.com/in/buy/projects/page/144028-lakshmi-s-grandeur-west-by-lakshmi-infratech-india-ltd-in-serilingampally,P02400000132
https://housing.com/in/buy/projects/page/134827-lansum-aishwarya-by-lansum-etania-developers-llp-in-serilingampally,P02400000094
https://housing.com/in/buy/projects/page/198381-lakshmi-aishwarya-bella-vista-meadows-by-lakshmi-aishwarya-constructions-and-developers-in-serilingampally,P02400000837
https://housing.com/in/buy/projects/page/198557-lahari-subhagruha-avantika-phase-ii-by-lahari-infrastructure-ltd-in-shankarpally,P02400000199
https://housing.com/in/buy/projects/page/201769-lifestyle-icon-prime-rose-by-lifestyle-homesinfra-in-pragathi-nagar,P02200000872
https://housing.com/in/buy/projects/page/201840-legacy-cyber-nest-by-legacy-projects-in-kondapur,P02400001046
https://housing.com/in/buy/projects/page/201886-live-in-shangri-la-by-live-in-infracon-in-meerpet,P02400000991
https://housing.com/in/buy/projects/page/201913-lakshmi-harsha-homes-by-lakshmi-projects-in-bandlaguda-jagir,P02400000966
https://housing.com/in/buy/projects/page/233322-lotus-valley-by-mudunuri-suresh-raju-in-tukkuguda,P02500001826
https://housing.com/in/buy/projects/page/232027-la-casa-paloma-by-rajender-reddy-kayathi-in-kondapur,P02400001670
https://housing.com/in/buy/projects/page/251250-lahari-ananda-by-lahari-infrastructure-ltd-in-kondakal,P02400001579
https://housing.com/in/buy/projects/page/251285-live-in-nirvana-by-live-in-infracon-in-nagole,P02400001708
https://housing.com/in/buy/projects/page/252516-lakshmi-srinivasa-bhavanas-glc-cribs-phase-2-by-lakshmi-srinivasa-construction-in-bachupally,P02200002244
https://housing.com/in/buy/projects/page/252509-lakshmi-srinivasa-bhavanas-glc-cribs-phase-3-by-lakshmi-srinivasa-construction-in-bachupally,P02200002242
https://housing.com/in/buy/projects/page/252528-lg-s-suchitra-classic-by-laxmi-ganpathi-constructions-in-quthbullapur,P02200002214
https://housing.com/in/buy/projects/page/251178-lakshmi-s-emperia-by-lakshmi-infra-projects-llp-in-miyapur,P02400002086
https://housing.com/in/buy/projects/page/252595-lotus-garden-iv-by-kirthana-properties-pvt-ltd-in-shadnagar,P02400002238
https://housing.com/in/buy/projects/page/254067-lansum-el-dorado-by-lansum-etania-developers-llp-in-narsingi,P02400002654
https://housing.com/in/buy/projects/page/255904-lahari-advaitha-by-lahari-holiday-homes-limited-in-bhanur,P02400002637
https://housing.com/in/buy/projects/page/256272-lotz-and-homez-l-h-maheswari-by-lotz-and-homez-properties-private-limited-in-uppal,P02200002690
https://housing.com/in/buy/projects/page/264279-lotus-homes-dwaraka-by-lotus-homes-in-kondapur,P02400002615
https://housing.com/in/buy/projects/page/264283-landindia-the-brigade-by-land-india-developers-in-bairagiguda,P02400002576
https://housing.com/in/buy/projects/page/264362-lifestyle-tirumala-nest-by-lifestyle-homesinfra-in-bairagiguda,P02400002776
https://housing.com/in/buy/projects/page/258193-lansum-el-dorado-by-lansum-etania-developers-llp-in-narsingi,P02400002654
https://housing.com/in/buy/projects/page/264432-lakshmi-projects-by-lakshmi-projects-in-bolarum,P02200002747
https://housing.com/in/buy/projects/page/264893-landmark-divine-meadoes-sector-a-by-sr-landmark-developers-in-bhuvanagiri,P02000002826
https://housing.com/in/buy/projects/page/264303-lotus-srinivasam-by-lotus-home-in-suchitra,P02200003369
https://housing.com/in/buy/projects/page/266663-l-r-home-town-by-kommidi-sandeep-kumar-reddy-in-bibinagar,P02000002733
https://housing.com/in/buy/projects/page/267535-landmark-sri-kausthubham-by-landmark-constructions-in-kompally,P02200003505
https://housing.com/in/buy/projects/page/267419-lalitha-divine-county-by-lalitha-construction-and-developers-in-aminpur,P01100003512
https://housing.com/in/buy/projects/page/267415-legalas-doyen-ascent-ibis-block-by-doyen-constructions-pvt-ltd-in-serilingampally,P02400003501
https://housing.com/in/buy/projects/page/267952-living-space-the-pearl-by-living-space-properties-in-bandlaguda-jagir,P02400003626
https://housing.com/in/buy/projects/page/269445-lotus-grand-by-lotus-projects-in-kokapet,P02400003546
https://housing.com/in/buy/projects/page/269648-luxe-aura-by-luxe-properties-in-upparpally,P02400003798
https://housing.com/in/buy/projects/page/269458-legado-mahidhara-city-by-legado-ventures-hyderabad-in-patancheru,P01100003676
https://housing.com/in/buy/projects/page/269606-lakshmi-aishwarya-rr-heights-by-lakshmi-aishwarya-constructions-and-developers-in-old-bowenpally,P02200003740
https://housing.com/in/buy/projects/page/269818-league-prime-avenue-by-league-infratech-llp-in-chitkul,P01100003685
https://housing.com/in/buy/projects/page/269807-leonardo-hrinda-harivillu-by-leonardo-constructions-pvt-ltd-in-kompally,P02200003730
https://housing.com/in/buy/projects/page/269692-luckie-township-phase-ii-by-swathi-promoters-private-limited-in-kothur,P02400003780
https://housing.com/in/buy/projects/page/270862-lalita-pride-by-lalita-constructions-in-jeedimetla,P02200003878
https://housing.com/in/buy/projects/page/271248-laxmi-madhuranagar-colony-by-laxmi-venkateshwara-developers-in-gachibowli,P02100003195
https://housing.com/in/buy/projects/page/270924-lahari-lavish-by-lahari-constructions-in-siddipet,P01300003453
https://housing.com/in/buy/projects/page/271314-live-in-liviano-by-live-in-infracon-in-meerpet,P02400003975
https://housing.com/in/buy/projects/page/273250-land-nakshtra-by-land-base-ventures-in-lakdaram,P01100004155
https://housing.com/in/buy/projects/page/282221-legado-mahidhara-city-by-legado-ventures-hyderabad-in-patancheru,P01100004181
https://housing.com/in/buy/projects/page/282254-legacy-by-ista-homes-by-ista-homes-in-jubilee-hills,P02500004097
https://housing.com/in/buy/projects/page/282330-laxmi-narayana-nilayam-by-marupakula-pushpalatha-in-chilakalguda,P02500004558
https://housing.com/in/buy/projects/page/282559-laxmi-bharath-estates-by-laxmi-prasanna-infra-projects-in-kothapet,P02400004451
https://housing.com/in/buy/projects/page/282441-lakshmi-aishwarya-orchids-by-lakshmi-aishwarya-constructions-and-developers-in-kondapur,P02400004071
https://housing.com/in/buy/projects/page/282819-luminous-serenity-by-luminous-paper-co-in-kondapur,P01100004814
https://housing.com/in/buy/projects/page/284027-lakshmi-navya-marvel-by-lakshmi-gayathri-realtors-in-sadasivpet,P01100001903
https://housing.com/in/buy/projects/page/284682-la-casa-estates-by-casula-sharada-in-alwal,P02200005052
https://housing.com/in/buy/projects/page/286694-lohiya-samppan-block-b-by-lohiya-developers-private-limited-in-kismatpur,P02400005185
https://housing.com/in/buy/projects/page/286605-lohiya-samppan-block-a-by-lohiya-developers-private-limited-in-kismatpur,P02400005198
https://housing.com/in/buy/projects/page/286625-lohiya-samppan-block-c-by-lohiya-developers-private-limited-in-kismatpur,P02400005197
https://housing.com/in/buy/projects/page/286629-lahari-avanthika-by-lahari-infrastructure-ltd-in-patancheru,P01100005171
https://housing.com/in/buy/projects/page/198966-muppa-akshaja-insignia-by-muppa-akshaja-projects-pvt-ltd-in-narsingi,P02400000405
https://housing.com/in/buy/projects/page/287392-lalitha-majestic-by-lalitha-construction-and-developers-in-aminpur,P01100005268
https://housing.com/in/buy/projects/page/239886-madhu-parkville-by-madhu-infrastructure-private-limited-in-tellapur,P01100002105
https://housing.com/in/buy/projects/page/235966-meenazi-elite-by-elite-constructions-in-kismatpur,P02400001856
https://housing.com/in/buy/projects/page/198249-mpm-ss-pinnacle-by-mpm-ventures-private-limited-in-yella-reddy-guda,P02500000769
https://housing.com/in/buy/projects/page/235277-manidweepas-arka-meadows-by-manidweepa-constructions-in-sadasivpet,P01100002044
https://housing.com/in/buy/projects/page/202062-morton-villas-by-my-square-construction-in-suraram,P02200000536
https://housing.com/in/buy/projects/page/144176-my-envire-envirise-west-by-my-envire-developers-pvt-ltd-in-pocharam,P02200000080
https://housing.com/in/buy/projects/page/236609-my-home-tridasa-by-my-home-constructions-pvt-ltd-in-tellapur,P01100001916
https://housing.com/in/buy/projects/page/231683-my-home-tarkshya-by-my-home-constructions-pvt-ltd-in-kokapet,P02400001620
https://housing.com/in/buy/projects/page/134406-my-home-mangala-by-my-home-constructions-pvt-ltd-in-serilingampally,P02400000281
https://housing.com/in/buy/projects/page/160916-my-home-ankura-by-my-home-constructions-pvt-ltd-in-tellapur,P01100000375
https://housing.com/in/buy/projects/page/233291-mypi-villas-constructions-phase2-by-mypi-villas-constructions-phase-2-in-gundlapochampalli,P02200001788
https://housing.com/in/buy/projects/page/128288-my-home-krishe-by-my-home-constructions-pvt-ltd-in-gachibowli,P02400000003
https://housing.com/in/buy/projects/page/43350-magic-breeze-by-pooja-crafted-homes-in-puppalaguda,P02400000029
https://housing.com/in/buy/projects/page/202545-mahidhara-luxuria-by-mahidhara-projects-in-patancheru,P01100001071
https://housing.com/in/buy/projects/page/202065-modi-silver-oak-villas-by-modi-properties-pvt-ltd-in-cherlapalli,P02200000668
https://housing.com/in/buy/projects/page/170954-mantri-a-by-mantri-developers-in-jubilee-hills,P02500000549
https://housing.com/in/buy/projects/page/39245-muppa-indraprastha-by-muppa-projects-india-pvt-ltd-in-osman-nagar,P01100000141
https://housing.com/in/buy/projects/page/228381-maruthi-rudra-vijetha-ecopolitan-by-maruthi-rudra-vijetha-in-nagole,P02200001339
https://housing.com/in/buy/projects/page/95229-manbhum-around-the-grove-by-manbhum-construction-company-pvt-ltd-in-kondapur,P02400000354
https://housing.com/in/buy/projects/page/171392-maram-garlapati-homes-by-maram-infra-projects-pvtltd-in-adibatla,P02400000613
https://housing.com/in/buy/projects/page/134585-mayuri-kandakatla-vally-by-mayuri-prime-homes-pvt-ltd-in-maheshwaram,P02400000265
https://housing.com/in/buy/projects/page/201846-mahesh-sri-village-by-mahesh-plots-pvt-ltd-in-mansanpally,P02400000890
https://housing.com/in/buy/projects/page/134829-madhavaram-serenity-by-madhavaram-constructions-in-saroornagar,P02400000204
https://housing.com/in/buy/projects/page/202003-mahitha-green-oaks-block-b-by-mahitha-projects-in-miyapur,P02500000803
https://housing.com/in/buy/projects/page/199051-myscape-isle-of-sky-by-myscape-properties-private-limited-in-nanakram-guda,P02400000466
https://housing.com/in/buy/projects/page/251007-myscape-loft-by-myscape-properties-private-limited-in-nanakaramguda,P02400001747
https://housing.com/in/buy/projects/page/233295-maphar-saba-residency-by-maphar-constructions-in-mehdipatnam,P02500001807
https://housing.com/in/buy/projects/page/198298-mahidhara-city-by-mahidhara-projects-in-ghanpur,P01100000693
https://housing.com/in/buy/projects/page/250768-myscape-sanctuary-by-myscape-properties-private-limited-in-hafeezpet,P02400001743
https://housing.com/in/buy/projects/page/202646-modi-morning-glory-apartments-by-modi-properties-pvt-ltd-in-muraharipally,P02200001122
https://housing.com/in/buy/projects/page/201102-moiz-housing-project-i-by-moiz-housing-projects-in-west-marredpally,P02500001006
https://housing.com/in/buy/projects/page/225693-manbhum-east-side-by-manbhum-construction-company-pvt-ltd-in-chengicherla,P02200001132
https://housing.com/in/buy/projects/page/226088-manbhum-one-north-by-manbhum-construction-company-pvt-ltd-in-gandi-maisamma,P02200001184
https://housing.com/in/buy/projects/page/72693-maram-rp-homes-by-maram-infra-projects-pvtltd-in-hayathnagar,P02500000056
https://housing.com/in/buy/projects/page/229910-mahitha-s-green-bamboos-by-mahitha-projects-in-kukatpally,P02200001463
https://housing.com/in/buy/projects/page/231991-meghana-hill-county-by-meghana-developers-in-keesara,P02200001667
https://housing.com/in/buy/projects/page/229913-mahitha-green-dwaraka-by-mahitha-projects-in-hyder-nagar,P02200001462
https://housing.com/in/buy/projects/page/251161-mahathi-highway-meadows-by-mahathi-builders-in-shadnagar,P02400002011
https://housing.com/in/buy/projects/page/252582-mani-sanctum-homes-by-mani-dweepa-projects-in-shankarpally,P02400002185
https://housing.com/in/buy/projects/page/227587-modi-greenwood-heights-by-modi-properties-pvt-ltd-in-yapral,P02200001314
https://housing.com/in/buy/projects/page/134812-m-rangappa-m-rangappa-by-m-rangappa-in-patancheru,P01100000120
https://housing.com/in/buy/projects/page/134388-monarch-sri-sai-sadan-by-monarch-infra-and-developers-in-kukatpally,P02200000190
https://housing.com/in/buy/projects/page/201908-mohammed-muzammil-shareef-gen-appartment-by-mohammed-muzammil-shareef-in-qutub-shahi-tombs,P02400000925
https://housing.com/in/buy/projects/page/198948-mitra-sri-sai-yadav-residency-by-mitra-ventures-in-quthbullapur,P02400000251
https://housing.com/in/buy/projects/page/134831-my-envire-envirise-east-by-my-envire-developers-pvt-ltd-in-pocharam,P02200000076
